timestamp,utilization.gpu,memory.used,memory.total,temperature.gpu,power.draw,clocks.current.sm,clocks.current.memory,pstate,error
2026/08/25 00:19:14.250, 0, 2639, 16380, 32, 4.14, 210, 405, P8,
2026/08/25 00:19:15.306, 0, 2746, 16380, 33, 12.60, 2610, 8751, P2,
2026/08/25 00:19:16.378, 0, 13404, 16380, 34, 28.05, 2775, 8751, P2,
2026/08/25 00:19:17.472, 0, 13404, 16380, 34, 30.01, 2775, 8751, P2,
2026/08/25 00:19:18.569, 26, 13404, 16380, 33, 27.48, 2610, 8751, P2,
2026/08/25 00:19:19.628, 29, 13404, 16380, 33, 26.64, 2610, 8751, P2,
2026/08/25 00:19:20.683, 31, 13404, 16380, 34, 26.81, 2610, 8751, P2,
2026/08/25 00:19:21.772, 19, 14000, 16380, 33, 24.95, 1950, 8751, P2,
2026/08/25 00:19:22.877, 5, 14098, 16380, 34, 36.29, 2775, 8751, P2,
2026/08/25 00:19:23.973, 42, 13792, 16380, 37, 37.18, 2775, 8751, P2,
2026/08/25 00:19:25.037, 41, 13792, 16380, 38, 62.81, 2775, 8751, P2,
2026/08/25 00:19:26.137, 42, 13792, 16380, 38, 62.88, 2775, 8751, P2,
2026/08/25 00:19:27.204, 44, 13792, 16380, 39, 62.87, 2775, 8751, P2,
2026/08/25 00:19:28.264, 44, 13792, 16380, 40, 63.10, 2775, 8751, P2,
2026/08/25 00:19:29.351, 44, 13792, 16380, 39, 63.17, 2775, 8751, P2,
2026/08/25 00:19:30.399, 41, 14122, 16380, 39, 63.20, 2775, 8751, P2,
2026/08/25 00:19:31.496, 5, 14184, 16380, 36, 51.81, 2760, 8751, P2,
2026/08/25 00:19:32.607, 8, 14186, 16380, 37, 45.41, 2775, 8751, P2,
2026/08/25 00:19:33.723, 5, 14190, 16380, 36, 31.34, 2775, 8751, P2,
2026/08/25 00:19:34.833, 10, 14192, 16380, 36, 31.28, 2760, 8751, P2,
2026/08/25 00:19:35.931, 5, 14192, 16380, 37, 45.83, 2760, 8751, P2,
2026/08/25 00:19:37.039, 5, 14192, 16380, 37, 46.33, 2775, 8751, P2,
2026/08/25 00:19:38.116, 90, 14194, 16380, 46, 41.06, 2775, 8751, P2,
2026/08/25 00:19:39.209, 5, 14194, 16380, 37, 46.34, 2775, 8751, P2,
2026/08/25 00:19:40.316, 5, 14194, 16380, 37, 44.29, 2775, 8751, P2,
2026/08/25 00:19:41.425, 5, 14196, 16380, 37, 45.75, 2355, 8751, P2,
2026/08/25 00:19:42.521, 99, 14196, 16380, 42, 31.90, 2580, 8751, P2,
2026/08/25 00:19:43.608, 5, 14196, 16380, 37, 37.41, 2775, 8751, P2,
2026/08/25 00:19:44.693, 5, 14198, 16380, 37, 46.75, 2760, 8751, P2,
2026/08/25 00:19:45.794, 61, 14198, 16380, 51, 48.15, 2760, 8751, P2,
2026/08/25 00:19:46.890, 42, 14200, 16380, 51, 47.00, 2760, 8751, P2,
2026/08/25 00:19:47.993, 5, 14200, 16380, 38, 35.98, 2760, 8751, P2,
2026/08/25 00:19:49.099, 5, 14200, 16380, 38, 47.54, 2760, 8751, P2,
2026/08/25 00:19:50.170, 6, 14202, 16380, 42, 47.48, 2760, 8751, P2,
2026/08/25 00:19:51.251, 5, 14202, 16380, 38, 32.09, 2760, 8751, P2,
2026/08/25 00:19:52.340, 6, 14202, 16380, 37, 26.01, 1815, 8751, P2,
2026/08/25 00:19:53.446, 5, 14204, 16380, 38, 38.01, 2760, 8751, P2,
2026/08/25 00:19:54.539, 40, 14210, 16380, 41, 38.52, 2760, 8751, P2,
2026/08/25 00:19:55.580, 40, 14210, 16380, 41, 64.51, 2760, 8751, P2,
2026/08/25 00:19:56.624, 45, 14210, 16380, 42, 64.55, 2760, 8751, P2,
2026/08/25 00:19:57.661, 45, 14210, 16380, 42, 65.08, 2760, 8751, P2,
2026/08/25 00:19:58.701, 42, 14210, 16380, 42, 65.22, 2760, 8751, P2,
2026/08/25 00:19:59.757, 45, 14210, 16380, 43, 65.01, 2760, 8751, P2,
2026/08/25 00:20:00.845, 46, 14210, 16380, 43, 64.64, 2760, 8751, P2,
2026/08/25 00:20:01.971, 5, 14448, 16380, 40, 63.20, 2760, 8751, P2,
2026/08/25 00:20:03.082, 5, 14450, 16380, 40, 31.87, 2760, 8751, P2,
2026/08/25 00:20:04.192, 6, 14450, 16380, 39, 43.03, 2160, 8751, P2,
2026/08/25 00:20:05.287, 4, 14450, 16380, 40, 34.44, 2760, 8751, P2,
2026/08/25 00:20:06.365, 5, 14452, 16380, 41, 46.29, 2760, 8751, P2,
2026/08/25 00:20:07.410, 84, 14452, 16380, 53, 40.83, 2760, 8751, P2,
2026/08/25 00:20:08.487, 5, 14452, 16380, 40, 46.88, 2760, 8751, P2,
2026/08/25 00:20:09.600, 5, 14454, 16380, 40, 46.71, 2760, 8751, P2,
2026/08/25 00:20:10.724, 79, 14454, 16380, 43, 48.24, 2760, 8751, P2,
2026/08/25 00:20:11.816, 5, 14456, 16380, 40, 41.27, 2760, 8751, P2,
2026/08/25 00:20:12.940, 5, 14456, 16380, 41, 37.42, 2760, 8751, P2,
2026/08/25 00:20:14.059, 6, 14456, 16380, 41, 47.49, 2760, 8751, P2,
2026/08/25 00:20:15.136, 18, 14458, 16380, 42, 47.38, 2760, 8751, P2,
2026/08/25 00:20:16.185, 10, 14458, 16380, 41, 33.07, 2760, 8751, P2,
2026/08/25 00:20:17.257, 5, 14458, 16380, 41, 47.63, 2760, 8751, P2,
2026/08/25 00:20:18.370, 5, 14460, 16380, 41, 47.72, 2760, 8751, P2,
2026/08/25 00:20:19.476, 5, 14460, 16380, 42, 48.10, 2760, 8751, P2,
2026/08/25 00:20:20.536, 5, 14462, 16380, 41, 32.43, 2760, 8751, P2,
2026/08/25 00:20:21.605, 5, 14462, 16380, 41, 47.95, 2760, 8751, P2,
2026/08/25 00:20:22.714, 6, 14462, 16380, 42, 48.14, 2760, 8751, P2,
2026/08/25 00:20:23.805, 5, 14464, 16380, 46, 32.32, 2760, 8751, P2,
2026/08/25 00:20:24.877, 18, 14464, 16380, 53, 33.77, 2760, 8751, P2,
2026/08/25 00:20:25.965, 5, 14464, 16380, 42, 48.41, 2760, 8751, P2,
2026/08/25 00:20:27.055, 5, 14466, 16380, 42, 48.14, 2505, 8751, P2,
2026/08/25 00:20:28.118, 93, 14466, 16380, 46, 28.65, 1710, 8751, P2,
2026/08/25 00:20:29.157, 5, 14466, 16380, 42, 41.24, 2760, 8751, P2,
2026/08/25 00:20:30.211, 5, 14468, 16380, 42, 48.83, 2760, 8751, P2,
2026/08/25 00:20:31.304, 93, 14468, 16380, 56, 45.93, 2745, 8751, P2,
2026/08/25 00:20:32.395, 85, 14470, 16380, 55, 41.92, 2745, 8751, P2,
2026/08/25 00:20:33.489, 5, 14470, 16380, 43, 49.33, 2760, 8751, P2,
2026/08/25 00:20:34.602, 10, 14470, 16380, 42, 49.37, 2760, 8751, P2,
2026/08/25 00:20:35.683, 98, 14472, 16380, 48, 47.56, 2745, 8751, P2,
2026/08/25 00:20:36.747, 5, 14472, 16380, 42, 46.21, 2760, 8751, P2,
2026/08/25 00:20:37.860, 6, 14472, 16380, 42, 45.46, 2760, 8751, P2,
2026/08/25 00:20:38.972, 5, 14474, 16380, 43, 49.73, 2760, 8751, P2,
2026/08/25 00:20:40.082, 99, 14474, 16380, 47, 48.53, 2745, 8751, P2,
2026/08/25 00:20:41.188, 7, 14476, 16380, 43, 46.27, 2760, 8751, P2,
2026/08/25 00:20:42.265, 5, 14476, 16380, 43, 49.92, 2760, 8751, P2,
2026/08/25 00:20:43.375, 5, 14476, 16380, 43, 50.36, 2760, 8751, P2,
2026/08/25 00:20:44.489, 16, 14478, 16380, 44, 50.43, 2760, 8751, P2,
2026/08/25 00:20:45.587, 5, 14478, 16380, 43, 35.61, 2760, 8751, P2,
2026/08/25 00:20:46.662, 12, 14478, 16380, 43, 50.27, 2760, 8751, P2,
2026/08/25 00:20:47.754, 5, 14480, 16380, 44, 50.69, 2760, 8751, P2,
2026/08/25 00:20:48.863, 10, 14480, 16380, 44, 50.80, 2760, 8751, P2,
2026/08/25 00:20:49.956, 5, 14482, 16380, 43, 33.71, 2760, 8751, P2,
2026/08/25 00:20:51.036, 12, 14482, 16380, 43, 50.82, 2760, 8751, P2,
2026/08/25 00:20:52.126, 5, 14482, 16380, 44, 51.21, 2760, 8751, P2,
2026/08/25 00:20:53.220, 10, 14484, 16380, 43, 33.58, 2760, 8751, P2,
2026/08/25 00:20:54.290, 5, 14484, 16380, 44, 51.23, 2760, 8751, P2,
2026/08/25 00:20:55.370, 5, 14484, 16380, 44, 51.57, 2760, 8751, P2,
2026/08/25 00:20:56.466, 8, 14486, 16380, 44, 50.57, 2760, 8751, P2,
2026/08/25 00:20:57.525, 5, 14486, 16380, 44, 33.99, 2760, 8751, P2,
2026/08/25 00:20:58.617, 8, 14486, 16380, 44, 51.73, 2760, 8751, P2,
2026/08/25 00:20:59.694, 5, 14488, 16380, 45, 51.55, 2760, 8751, P2,
2026/08/25 00:21:00.736, 9, 14488, 16380, 44, 33.63, 2760, 8751, P2,
2026/08/25 00:21:01.779, 5, 14488, 16380, 44, 52.26, 2760, 8751, P2,
2026/08/25 00:21:02.818, 11, 14490, 16380, 45, 53.69, 2760, 8751, P2,
2026/08/25 00:21:03.880, 5, 14490, 16380, 45, 52.15, 2760, 8751, P2,
2026/08/25 00:21:04.966, 5, 14490, 16380, 44, 34.02, 2760, 8751, P2,
2026/08/25 00:21:06.077, 5, 14492, 16380, 45, 51.88, 2760, 8751, P2,
2026/08/25 00:21:07.150, 5, 14492, 16380, 45, 52.66, 2760, 8751, P2,
2026/08/25 00:21:08.247, 5, 14494, 16380, 44, 34.17, 2760, 8751, P2,
2026/08/25 00:21:09.357, 5, 14494, 16380, 45, 34.22, 2760, 8751, P2,
2026/08/25 00:21:10.452, 5, 14494, 16380, 46, 52.25, 2760, 8751, P2,
2026/08/25 00:21:11.567, 5, 14496, 16380, 46, 52.96, 2760, 8751, P2,
2026/08/25 00:21:12.630, 5, 14496, 16380, 45, 34.33, 2760, 8751, P2,
2026/08/25 00:21:13.695, 11, 14496, 16380, 45, 52.65, 2760, 8751, P2,
2026/08/25 00:21:14.795, 5, 14498, 16380, 46, 53.28, 2760, 8751, P2,
2026/08/25 00:21:15.905, 5, 14498, 16380, 46, 53.38, 2760, 8751, P2,
2026/08/25 00:21:17.005, 5, 14500, 16380, 46, 34.59, 2760, 8751, P2,
2026/08/25 00:21:18.131, 13, 14500, 16380, 46, 53.15, 2760, 8751, P2,
2026/08/25 00:21:19.222, 5, 14500, 16380, 46, 53.83, 2760, 8751, P2,
2026/08/25 00:21:20.348, 5, 14502, 16380, 46, 55.11, 2760, 8751, P2,
2026/08/25 00:21:21.456, 5, 14502, 16380, 46, 34.78, 2760, 8751, P2,
2026/08/25 00:21:22.549, 5, 14502, 16380, 46, 53.24, 2760, 8751, P2,
2026/08/25 00:21:23.657, 5, 14504, 16380, 47, 56.04, 2760, 8751, P2,
2026/08/25 00:21:24.769, 5, 14504, 16380, 46, 34.84, 2760, 8751, P2,
2026/08/25 00:21:25.861, 5, 14504, 16380, 46, 34.95, 2760, 8751, P2,
2026/08/25 00:21:26.968, 7, 14506, 16380, 46, 53.71, 2760, 8751, P2,
2026/08/25 00:21:28.059, 5, 14506, 16380, 47, 54.55, 2760, 8751, P2,
2026/08/25 00:21:29.119, 5, 14508, 16380, 47, 35.10, 2760, 8751, P2,
2026/08/25 00:21:30.210, 7, 14508, 16380, 47, 54.78, 2760, 8751, P2,
2026/08/25 00:21:31.305, 5, 14508, 16380, 47, 55.01, 2760, 8751, P2,
2026/08/25 00:21:32.419, 5, 14510, 16380, 47, 54.95, 2745, 8751, P2,
2026/08/25 00:21:33.527, 5, 14510, 16380, 46, 35.15, 2745, 8751, P2,
2026/08/25 00:21:34.627, 10, 14510, 16380, 48, 54.80, 2760, 8751, P2,
2026/08/25 00:21:35.727, 5, 14512, 16380, 48, 55.17, 2760, 8751, P2,
2026/08/25 00:21:36.821, 5, 14512, 16380, 46, 35.25, 2760, 8751, P2,
2026/08/25 00:21:37.898, 53, 14512, 16380, 49, 70.97, 2760, 8751, P2,
2026/08/25 00:21:38.957, 52, 14512, 16380, 50, 71.13, 2760, 8751, P2,
2026/08/25 00:21:40.027, 53, 14512, 16380, 51, 71.22, 2760, 8751, P2,
2026/08/25 00:21:41.115, 52, 14512, 16380, 51, 71.19, 2760, 8751, P2,
2026/08/25 00:21:42.188, 54, 14512, 16380, 51, 71.50, 2760, 8751, P2,
2026/08/25 00:21:43.257, 53, 14512, 16380, 52, 71.48, 2760, 8751, P2,
2026/08/25 00:21:44.316, 54, 14512, 16380, 51, 71.60, 2760, 8751, P2,
2026/08/25 00:21:45.369, 0, 13478, 16380, 48, 58.76, 2760, 8751, P2,
2026/08/25 00:21:46.409, 0, 2746, 16380, 47, 30.52, 2760, 8751, P2,
2026/08/25 00:21:47.462, 0, 2746, 16380, 47, 29.28, 2610, 8751, P2,
2026/08/25 00:21:48.500, 0, 11220, 16380, 47, 28.99, 2760, 8751, P2,
2026/08/25 00:21:49.539, 0, 11220, 16380, 47, 31.54, 2760, 8751, P2,
2026/08/25 00:21:50.579, 0, 11220, 16380, 47, 29.84, 2610, 8751, P2,
2026/08/25 00:21:51.621, 27, 11220, 16380, 47, 27.30, 2610, 8751, P2,
2026/08/25 00:21:52.664, 31, 11220, 16380, 47, 28.44, 2610, 8751, P2,
2026/08/25 00:21:53.711, 16, 11882, 16380, 46, 26.20, 1980, 8751, P2,
2026/08/25 00:21:54.805, 5, 11918, 16380, 47, 34.55, 2760, 8751, P2,
2026/08/25 00:21:55.880, 24, 11610, 16380, 47, 30.91, 900, 5001, P3,
2026/08/25 00:21:56.965, 37, 11610, 16380, 47, 32.98, 1785, 8751, P2,
2026/08/25 00:21:58.036, 37, 11610, 16380, 48, 39.92, 1785, 8751, P2,
2026/08/25 00:21:59.142, 38, 11610, 16380, 48, 39.78, 1695, 8751, P2,
2026/08/25 00:22:00.239, 37, 11610, 16380, 48, 39.84, 1665, 8751, P2,
2026/08/25 00:22:01.309, 37, 11610, 16380, 48, 39.36, 1620, 8751, P3,
2026/08/25 00:22:02.389, 36, 11610, 16380, 48, 40.04, 1860, 8751, P2,
2026/08/25 00:22:03.472, 37, 11610, 16380, 48, 40.16, 1815, 8751, P2,
2026/08/25 00:22:04.523, 37, 12014, 16380, 48, 40.08, 1755, 8751, P2,
2026/08/25 00:22:05.579, 5, 12076, 16380, 48, 41.01, 2760, 8751, P2,
2026/08/25 00:22:06.624, 5, 12076, 16380, 48, 33.06, 2760, 8751, P2,
2026/08/25 00:22:07.685, 6, 12078, 16380, 47, 30.50, 1935, 8751, P2,
2026/08/25 00:22:08.761, 5, 12086, 16380, 46, 23.01, 1935, 8751, P2,
2026/08/25 00:22:09.856, 10, 12086, 16380, 47, 33.96, 2610, 8751, P2,
2026/08/25 00:22:10.913, 31, 12086, 16380, 46, 27.70, 945, 5001, P3,
2026/08/25 00:22:12.004, 5, 12086, 16380, 47, 32.92, 2610, 8751, P2,
2026/08/25 00:22:13.080, 5, 12086, 16380, 47, 28.52, 900, 5001, P3,
2026/08/25 00:22:14.167, 5, 12086, 16380, 47, 32.34, 2610, 8751, P2,
2026/08/25 00:22:15.227, 5, 12086, 16380, 47, 28.58, 2610, 8751, P2,
2026/08/25 00:22:16.287, 5, 12086, 16380, 46, 31.30, 1740, 8751, P2,
2026/08/25 00:22:17.349, 6, 12086, 16380, 46, 22.87, 1740, 8751, P2,
2026/08/25 00:22:18.460, 5, 12086, 16380, 47, 34.31, 2610, 8751, P2,
2026/08/25 00:22:19.522, 14, 12086, 16380, 47, 27.98, 960, 5001, P3,
2026/08/25 00:22:20.614, 7, 12086, 16380, 47, 32.60, 2610, 8751, P2,
2026/08/25 00:22:21.703, 5, 12086, 16380, 47, 28.77, 2610, 8751, P2,
2026/08/25 00:22:22.792, 5, 12086, 16380, 47, 32.58, 2610, 8751, P2,
2026/08/25 00:22:23.881, 59, 12086, 16380, 46, 28.47, 915, 5001, P3,
2026/08/25 00:22:24.942, 5, 12086, 16380, 47, 33.28, 2610, 8751, P2,
2026/08/25 00:22:26.031, 5, 12086, 16380, 47, 28.69, 915, 5001, P3,
2026/08/25 00:22:27.092, 5, 12086, 16380, 47, 32.56, 2610, 8751, P2,
2026/08/25 00:22:28.201, 5, 12086, 16380, 47, 28.73, 2610, 8751, P2,
2026/08/25 00:22:29.327, 6, 12086, 16380, 46, 30.74, 2130, 8751, P2,
2026/08/25 00:22:30.405, 51, 12086, 16380, 46, 24.08, 780, 5001, P3,
2026/08/25 00:22:31.512, 5, 12086, 16380, 47, 34.96, 2610, 8751, P2,
2026/08/25 00:22:32.576, 8, 12086, 16380, 47, 28.02, 990, 5001, P3,
2026/08/25 00:22:33.667, 5, 12086, 16380, 47, 33.27, 2610, 8751, P2,
2026/08/25 00:22:34.716, 5, 12086, 16380, 47, 28.81, 2610, 8751, P2,
2026/08/25 00:22:35.826, 5, 12086, 16380, 47, 33.10, 2610, 8751, P2,
2026/08/25 00:22:36.905, 38, 12086, 16380, 46, 27.98, 930, 5001, P3,
2026/08/25 00:22:37.994, 10, 12086, 16380, 47, 33.64, 2610, 8751, P2,
2026/08/25 00:22:39.087, 5, 12092, 16380, 47, 29.07, 885, 5001, P3,
2026/08/25 00:22:40.170, 39, 12092, 16380, 47, 31.66, 1635, 8751, P2,
2026/08/25 00:22:41.267, 38, 12092, 16380, 48, 39.38, 1635, 8751, P2,
2026/08/25 00:22:42.380, 37, 12092, 16380, 48, 39.14, 1980, 8751, P2,
2026/08/25 00:22:43.479, 37, 12092, 16380, 48, 40.39, 1980, 8751, P2,
2026/08/25 00:22:44.567, 38, 12092, 16380, 48, 40.28, 1845, 8751, P2,
2026/08/25 00:22:45.667, 37, 12092, 16380, 48, 39.99, 1800, 8751, P2,
2026/08/25 00:22:46.748, 38, 12092, 16380, 48, 39.92, 1755, 8751, P2,
2026/08/25 00:22:47.802, 39, 12008, 16380, 48, 40.14, 1725, 8751, P2,
2026/08/25 00:22:48.912, 5, 12572, 16380, 47, 39.70, 2760, 8751, P2,
2026/08/25 00:22:49.998, 10, 12572, 16380, 47, 33.22, 990, 5001, P3,
2026/08/25 00:22:51.095, 6, 12572, 16380, 47, 30.55, 1710, 8751, P2,
2026/08/25 00:22:52.149, 6, 12572, 16380, 46, 23.02, 1710, 8751, P2,
2026/08/25 00:22:53.241, 6, 12572, 16380, 46, 29.40, 2070, 8751, P2,
2026/08/25 00:22:54.373, 54, 12572, 16380, 53, 30.29, 2610, 8751, P2,
2026/08/25 00:22:55.480, 5, 12572, 16380, 47, 31.49, 2610, 8751, P2,
2026/08/25 00:22:56.589, 100, 12572, 16380, 49, 30.48, 945, 5001, P3,
2026/08/25 00:22:57.665, 5, 12572, 16380, 47, 32.20, 2610, 8751, P2,
2026/08/25 00:22:58.777, 16, 12572, 16380, 47, 27.97, 885, 5001, P3,
2026/08/25 00:22:59.867, 9, 12572, 16380, 46, 23.08, 1995, 8751, P2,
2026/08/25 00:23:00.975, 5, 12572, 16380, 48, 31.19, 2610, 8751, P2,
2026/08/25 00:23:02.068, 5, 12572, 16380, 47, 28.46, 2610, 8751, P2,
2026/08/25 00:23:03.176, 100, 12572, 16380, 49, 31.60, 2520, 8751, P2,
2026/08/25 00:23:04.273, 5, 12572, 16380, 47, 31.35, 2610, 8751, P2,
2026/08/25 00:23:05.370, 5, 12572, 16380, 47, 32.60, 2610, 8751, P2,
2026/08/25 00:23:06.458, 5, 12572, 16380, 47, 28.51, 2610, 8751, P2,
2026/08/25 00:23:07.520, 5, 12572, 16380, 47, 32.24, 2250, 8751, P2,
2026/08/25 00:23:08.597, 6, 12572, 16380, 46, 24.10, 2250, 8751, P2,
2026/08/25 00:23:09.668, 100, 12572, 16380, 47, 30.09, 1545, 5001, P3,
2026/08/25 00:23:10.707, 6, 12572, 16380, 47, 26.59, 2100, 8751, P2,
2026/08/25 00:23:11.748, 93, 12572, 16380, 48, 25.17, 750, 5001, P3,
2026/08/25 00:23:12.792, 5, 12572, 16380, 47, 34.78, 2610, 8751, P2,
2026/08/25 00:23:13.852, 8, 12572, 16380, 46, 28.10, 960, 5001, P3,
2026/08/25 00:23:14.942, 5, 12572, 16380, 47, 28.74, 2610, 8751, P2,
2026/08/25 00:23:16.055, 100, 12572, 16380, 48, 32.17, 2505, 8751, P2,
2026/08/25 00:23:17.165, 5, 12572, 16380, 47, 31.22, 2610, 8751, P2,
2026/08/25 00:23:18.262, 86, 12572, 16380, 50, 29.35, 1185, 5001, P3,
2026/08/25 00:23:19.370, 5, 12572, 16380, 47, 28.76, 2610, 8751, P2,
2026/08/25 00:23:20.493, 5, 12572, 16380, 47, 35.46, 2610, 8751, P2,
2026/08/25 00:23:21.584, 6, 12572, 16380, 47, 28.75, 2610, 8751, P2,
2026/08/25 00:23:22.696, 19, 12572, 16380, 47, 33.06, 2610, 8751, P2,
2026/08/25 00:23:23.783, 5, 12572, 16380, 47, 29.55, 2610, 8751, P2,
2026/08/25 00:23:24.891, 5, 12572, 16380, 47, 32.89, 2610, 8751, P2,
2026/08/25 00:23:26.006, 5, 12572, 16380, 48, 28.93, 2610, 8751, P2,
2026/08/25 00:23:27.131, 6, 12572, 16380, 46, 33.06, 2055, 8751, P2,
2026/08/25 00:23:28.240, 9, 12572, 16380, 46, 23.42, 2055, 8751, P2,
2026/08/25 00:23:29.349, 6, 12572, 16380, 47, 32.01, 2610, 8751, P2,
2026/08/25 00:23:30.424, 11, 12572, 16380, 47, 29.06, 2610, 8751, P2,
2026/08/25 00:23:31.518, 5, 12572, 16380, 47, 33.39, 2610, 8751, P2,
2026/08/25 00:23:32.611, 5, 12572, 16380, 47, 29.23, 2610, 8751, P2,
2026/08/25 00:23:33.721, 5, 12572, 16380, 47, 33.43, 2610, 8751, P2,
2026/08/25 00:23:34.826, 6, 12572, 16380, 47, 28.99, 2610, 8751, P2,
2026/08/25 00:23:35.948, 6, 12572, 16380, 46, 31.05, 2295, 8751, P2,
2026/08/25 00:23:37.054, 6, 12572, 16380, 46, 25.10, 2295, 8751, P2,
2026/08/25 00:23:38.178, 6, 12572, 16380, 47, 34.97, 2610, 8751, P2,
2026/08/25 00:23:39.271, 5, 12572, 16380, 47, 29.18, 2610, 8751, P2,
2026/08/25 00:23:40.382, 5, 12572, 16380, 47, 35.83, 2610, 8751, P2,
2026/08/25 00:23:41.472, 8, 12572, 16380, 46, 28.70, 975, 5001, P3,
2026/08/25 00:23:42.579, 7, 12572, 16380, 47, 33.63, 2610, 8751, P2,
2026/08/25 00:23:43.660, 5, 12572, 16380, 47, 29.44, 2610, 8751, P2,
2026/08/25 00:23:44.736, 6, 12572, 16380, 47, 33.30, 2610, 8751, P2,
2026/08/25 00:23:45.833, 5, 12572, 16380, 47, 29.43, 2610, 8751, P2,
2026/08/25 00:23:46.920, 5, 12572, 16380, 48, 34.46, 2610, 8751, P2,
2026/08/25 00:23:48.014, 11, 12572, 16380, 46, 29.53, 945, 5001, P3,
2026/08/25 00:23:49.103, 5, 12572, 16380, 47, 31.75, 2340, 8751, P2,
2026/08/25 00:23:50.159, 5, 12572, 16380, 46, 25.69, 2340, 8751, P2,
2026/08/25 00:23:51.269, 7, 12572, 16380, 47, 35.25, 2610, 8751, P2,
2026/08/25 00:23:52.332, 5, 12572, 16380, 48, 29.39, 2610, 8751, P2,
2026/08/25 00:23:53.425, 7, 12572, 16380, 47, 35.47, 2610, 8751, P2,
2026/08/25 00:23:54.486, 8, 12572, 16380, 47, 28.62, 960, 5001, P3,
2026/08/25 00:23:55.578, 8, 12572, 16380, 47, 34.02, 2610, 8751, P2,
2026/08/25 00:23:56.645, 5, 12572, 16380, 47, 29.68, 2610, 8751, P2,
2026/08/25 00:23:57.741, 7, 12572, 16380, 47, 34.16, 2655, 8751, P2,
2026/08/25 00:23:58.819, 5, 12572, 16380, 47, 30.93, 2655, 8751, P2,
2026/08/25 00:23:59.910, 5, 12572, 16380, 47, 34.87, 2610, 8751, P2,
2026/08/25 00:24:00.970, 11, 12572, 16380, 46, 29.76, 945, 5001, P3,
2026/08/25 00:24:02.062, 7, 12572, 16380, 47, 32.16, 2295, 8751, P2,
2026/08/25 00:24:03.155, 5, 12572, 16380, 46, 25.61, 2295, 8751, P2,
2026/08/25 00:24:04.234, 7, 12572, 16380, 47, 36.03, 2610, 8751, P2,
2026/08/25 00:24:05.311, 5, 12572, 16380, 48, 29.65, 2610, 8751, P2,
2026/08/25 00:24:06.402, 11, 12572, 16380, 47, 36.58, 2610, 8751, P2,
2026/08/25 00:24:07.463, 8, 12572, 16380, 47, 29.13, 960, 5001, P3,
2026/08/25 00:24:08.557, 5, 12572, 16380, 47, 34.43, 2610, 8751, P2,
2026/08/25 00:24:09.663, 12, 12572, 16380, 47, 29.70, 2610, 8751, P2,
2026/08/25 00:24:10.751, 5, 12572, 16380, 48, 34.76, 2610, 8751, P2,
2026/08/25 00:24:11.831, 5, 12572, 16380, 47, 29.79, 2610, 8751, P2,
2026/08/25 00:24:12.918, 5, 12572, 16380, 47, 35.55, 2610, 8751, P2,
2026/08/25 00:24:13.979, 5, 12572, 16380, 47, 29.99, 975, 5001, P3,
2026/08/25 00:24:15.019, 8, 12572, 16380, 47, 34.84, 2610, 8751, P2,
2026/08/25 00:24:16.064, 6, 12572, 16380, 47, 29.82, 2610, 8751, P2,
2026/08/25 00:24:17.102, 5, 12572, 16380, 47, 35.01, 2610, 8751, P2,
2026/08/25 00:24:18.191, 5, 12572, 16380, 47, 29.78, 2610, 8751, P2,
2026/08/25 00:24:19.311, 8, 12572, 16380, 47, 34.95, 2610, 8751, P2,
2026/08/25 00:24:20.435, 5, 12572, 16380, 47, 30.10, 2610, 8751, P2,
2026/08/25 00:24:21.531, 5, 12572, 16380, 49, 34.92, 2610, 8751, P2,
2026/08/25 00:24:22.651, 5, 12572, 16380, 47, 29.94, 2610, 8751, P2,
2026/08/25 00:24:23.769, 5, 12572, 16380, 47, 35.36, 2610, 8751, P2,
2026/08/25 00:24:24.876, 5, 12572, 16380, 47, 30.14, 990, 5001, P3,
2026/08/25 00:24:25.972, 8, 12572, 16380, 47, 34.89, 2610, 8751, P2,
2026/08/25 00:24:27.037, 12, 12572, 16380, 47, 30.63, 2610, 8751, P2,
2026/08/25 00:24:28.145, 5, 12572, 16380, 47, 35.26, 2610, 8751, P2,
2026/08/25 00:24:29.267, 5, 12572, 16380, 47, 30.00, 2610, 8751, P2,
2026/08/25 00:24:30.378, 5, 12572, 16380, 47, 35.37, 2610, 8751, P2,
2026/08/25 00:24:31.437, 11, 12572, 16380, 47, 30.26, 2610, 8751, P2,
2026/08/25 00:24:32.547, 5, 12572, 16380, 51, 35.67, 2610, 8751, P2,
2026/08/25 00:24:33.657, 5, 12572, 16380, 47, 30.09, 2610, 8751, P2,
2026/08/25 00:24:34.756, 5, 12572, 16380, 47, 35.58, 2610, 8751, P2,
2026/08/25 00:24:35.881, 5, 12572, 16380, 47, 30.28, 960, 5001, P3,
2026/08/25 00:24:36.976, 9, 12572, 16380, 47, 35.56, 2610, 8751, P2,
2026/08/25 00:24:38.083, 5, 12572, 16380, 48, 30.13, 2610, 8751, P2,
2026/08/25 00:24:39.206, 5, 12572, 16380, 47, 35.70, 2610, 8751, P2,
2026/08/25 00:24:40.329, 5, 12572, 16380, 48, 30.20, 2610, 8751, P2,
2026/08/25 00:24:41.451, 5, 12572, 16380, 47, 36.01, 2610, 8751, P2,
2026/08/25 00:24:42.576, 10, 12572, 16380, 47, 30.30, 2610, 8751, P2,
2026/08/25 00:24:43.685, 5, 12572, 16380, 49, 35.87, 2610, 8751, P2,
2026/08/25 00:24:44.790, 5, 12572, 16380, 47, 30.21, 2610, 8751, P2,
2026/08/25 00:24:45.918, 5, 12572, 16380, 47, 36.59, 2610, 8751, P2,
2026/08/25 00:24:46.982, 7, 12572, 16380, 47, 30.58, 1035, 5001, P3,
2026/08/25 00:24:48.079, 9, 12572, 16380, 48, 36.28, 2610, 8751, P2,
2026/08/25 00:24:49.155, 9, 12572, 16380, 48, 30.42, 2610, 8751, P2,
2026/08/25 00:24:50.234, 5, 12572, 16380, 47, 36.61, 2610, 8751, P2,
2026/08/25 00:24:51.337, 5, 12572, 16380, 47, 30.50, 2610, 8751, P2,
2026/08/25 00:24:52.446, 5, 12572, 16380, 48, 36.31, 2610, 8751, P2,
2026/08/25 00:24:53.549, 15, 12572, 16380, 47, 30.76, 2610, 8751, P2,
2026/08/25 00:24:54.658, 5, 12572, 16380, 51, 36.48, 2610, 8751, P2,
2026/08/25 00:24:55.736, 5, 12572, 16380, 47, 30.62, 2610, 8751, P2,
2026/08/25 00:24:56.814, 5, 12572, 16380, 48, 36.53, 2610, 8751, P2,
2026/08/25 00:24:57.920, 5, 12572, 16380, 47, 30.82, 1050, 5001, P3,
2026/08/25 00:24:58.999, 9, 12572, 16380, 48, 36.50, 2610, 8751, P2,
2026/08/25 00:25:00.105, 5, 12572, 16380, 48, 30.69, 2610, 8751, P2,
2026/08/25 00:25:01.211, 5, 12572, 16380, 47, 37.07, 2610, 8751, P2,
2026/08/25 00:25:02.322, 5, 12572, 16380, 47, 30.79, 2610, 8751, P2,
2026/08/25 00:25:03.420, 5, 12572, 16380, 48, 37.02, 2610, 8751, P2,
2026/08/25 00:25:04.510, 10, 12572, 16380, 48, 30.79, 2610, 8751, P2,
2026/08/25 00:25:05.636, 5, 12572, 16380, 52, 37.00, 2610, 8751, P2,
2026/08/25 00:25:06.742, 5, 12572, 16380, 48, 30.86, 2610, 8751, P2,
2026/08/25 00:25:07.828, 43, 12572, 16380, 48, 31.58, 1635, 8751, P2,
2026/08/25 00:25:08.910, 41, 12572, 16380, 48, 41.62, 2010, 8751, P2,
2026/08/25 00:25:09.984, 41, 12572, 16380, 48, 42.06, 2115, 8751, P2,
2026/08/25 00:25:11.045, 36, 12572, 16380, 49, 42.81, 2220, 8751, P2,
2026/08/25 00:25:12.132, 41, 12572, 16380, 49, 44.52, 2310, 8751, P2,
2026/08/25 00:25:13.218, 39, 12572, 16380, 50, 46.29, 2385, 8751, P2,
2026/08/25 00:25:14.299, 41, 12572, 16380, 49, 48.09, 2460, 8751, P2,
2026/08/25 00:25:15.367, 37, 12572, 16380, 50, 49.18, 2490, 8751, P2,
2026/08/25 00:25:16.421, 0, 11300, 16380, 48, 39.53, 2505, 8751, P2,
2026/08/25 00:25:17.458, 0, 2746, 16380, 48, 23.94, 2610, 8751, P2,
2026/08/25 00:25:18.502, 0, 2746, 16380, 48, 25.25, 2610, 8751, P2,
2026/08/25 00:25:19.622, 0, 11220, 16380, 48, 29.48, 2760, 8751, P2,
2026/08/25 00:25:20.673, 0, 11220, 16380, 48, 31.65, 2760, 8751, P2,
2026/08/25 00:25:21.722, 1, 11220, 16380, 48, 28.58, 2610, 8751, P2,
2026/08/25 00:25:22.784, 23, 11220, 16380, 48, 28.36, 2610, 8751, P2,
2026/08/25 00:25:23.832, 21, 11220, 16380, 48, 28.24, 2610, 8751, P2,
2026/08/25 00:25:24.873, 51, 11882, 16380, 47, 25.08, 1875, 8751, P2,
2026/08/25 00:25:25.977, 5, 11918, 16380, 48, 37.76, 2760, 8751, P2,
2026/08/25 00:25:27.032, 8, 11610, 16380, 47, 32.27, 975, 5001, P3,
2026/08/25 00:25:28.119, 38, 11610, 16380, 48, 30.73, 1830, 8751, P2,
2026/08/25 00:25:29.220, 37, 11610, 16380, 49, 39.76, 1830, 8751, P2,
2026/08/25 00:25:30.305, 37, 11610, 16380, 48, 39.47, 1710, 8751, P2,
2026/08/25 00:25:31.376, 37, 11610, 16380, 49, 39.21, 1635, 8751, P2,
2026/08/25 00:25:32.473, 36, 11610, 16380, 48, 38.96, 1980, 8751, P2,
2026/08/25 00:25:33.547, 37, 11610, 16380, 49, 40.27, 1980, 8751, P2,
2026/08/25 00:25:34.630, 37, 11610, 16380, 49, 40.13, 1860, 8751, P2,
2026/08/25 00:25:35.682, 37, 12014, 16380, 49, 39.92, 1800, 8751, P2,
2026/08/25 00:25:36.762, 4, 12076, 16380, 48, 36.95, 2280, 8751, P2,
2026/08/25 00:25:37.841, 10, 12076, 16380, 48, 24.37, 2280, 8751, P2,
2026/08/25 00:25:38.933, 4, 12078, 16380, 48, 32.37, 2610, 8751, P2,
2026/08/25 00:25:40.011, 9, 12086, 16380, 48, 27.83, 885, 5001, P3,
2026/08/25 00:25:41.111, 5, 12086, 16380, 48, 32.18, 2610, 8751, P2,
2026/08/25 00:25:42.185, 5, 12086, 16380, 48, 28.57, 2610, 8751, P2,
2026/08/25 00:25:43.257, 6, 12086, 16380, 47, 29.94, 1965, 8751, P2,
2026/08/25 00:25:44.322, 5, 12086, 16380, 47, 23.28, 1965, 8751, P2,
2026/08/25 00:25:45.416, 5, 12086, 16380, 48, 33.96, 2610, 8751, P2,
2026/08/25 00:25:46.478, 20, 12086, 16380, 47, 27.62, 930, 5001, P3,
2026/08/25 00:25:47.537, 5, 12086, 16380, 48, 33.37, 2610, 8751, P2,
2026/08/25 00:25:48.609, 5, 12086, 16380, 48, 28.69, 900, 5001, P3,
2026/08/25 00:25:49.701, 5, 12086, 16380, 48, 32.43, 2610, 8751, P2,
2026/08/25 00:25:50.762, 5, 12086, 16380, 48, 28.77, 2610, 8751, P2,
2026/08/25 00:25:51.838, 5, 12086, 16380, 47, 30.81, 2040, 8751, P2,
2026/08/25 00:25:52.924, 59, 12086, 16380, 48, 24.15, 735, 5001, P3,
2026/08/25 00:25:53.998, 5, 12086, 16380, 48, 35.16, 2610, 8751, P2,
2026/08/25 00:25:55.076, 8, 12086, 16380, 48, 28.15, 975, 5001, P3,
2026/08/25 00:25:56.155, 5, 12086, 16380, 48, 32.85, 2610, 8751, P2,
2026/08/25 00:25:57.236, 5, 12086, 16380, 48, 29.09, 2610, 8751, P2,
2026/08/25 00:25:58.342, 6, 12086, 16380, 48, 32.51, 2610, 8751, P2,
2026/08/25 00:25:59.405, 74, 12086, 16380, 48, 29.12, 1050, 5001, P3,
2026/08/25 00:26:00.513, 5, 12086, 16380, 48, 33.61, 2610, 8751, P2,
2026/08/25 00:26:01.604, 5, 12086, 16380, 48, 29.04, 915, 5001, P3,
2026/08/25 00:26:02.697, 7, 12086, 16380, 48, 33.11, 2610, 8751, P2,
2026/08/25 00:26:03.806, 11, 12086, 16380, 48, 29.41, 2610, 8751, P2,
2026/08/25 00:26:04.910, 6, 12086, 16380, 48, 33.65, 2610, 8751, P2,
2026/08/25 00:26:06.005, 9, 12086, 16380, 47, 28.33, 930, 5001, P3,
2026/08/25 00:26:07.097, 9, 12086, 16380, 48, 33.10, 2610, 8751, P2,
2026/08/25 00:26:08.206, 11, 12086, 16380, 48, 29.35, 2610, 8751, P2,
2026/08/25 00:26:09.305, 5, 12086, 16380, 48, 33.38, 2610, 8751, P2,
2026/08/25 00:26:10.398, 23, 12092, 16380, 47, 28.19, 915, 5001, P3,
2026/08/25 00:26:11.460, 39, 12092, 16380, 48, 34.69, 1695, 8751, P2,
2026/08/25 00:26:12.531, 38, 12092, 16380, 49, 40.08, 1695, 8751, P2,
2026/08/25 00:26:13.623, 39, 12092, 16380, 49, 39.97, 1650, 8751, P2,
2026/08/25 00:26:14.695, 48, 12092, 16380, 48, 38.97, 1980, 8751, P2,
2026/08/25 00:26:15.780, 38, 12092, 16380, 49, 40.19, 1980, 8751, P2,
2026/08/25 00:26:16.832, 38, 12092, 16380, 49, 40.49, 1920, 8751, P2,
2026/08/25 00:26:17.907, 37, 12092, 16380, 49, 40.40, 1860, 8751, P2,
2026/08/25 00:26:19.007, 38, 12092, 16380, 49, 40.71, 1830, 8751, P2,
2026/08/25 00:26:20.102, 4, 12572, 16380, 48, 40.76, 2760, 8751, P2,
2026/08/25 00:26:21.202, 5, 12572, 16380, 49, 33.33, 2760, 8751, P2,
2026/08/25 00:26:22.314, 5, 12572, 16380, 49, 36.42, 2610, 8751, P2,
2026/08/25 00:26:23.393, 87, 12572, 16380, 49, 29.57, 1230, 5001, P3,
2026/08/25 00:26:24.437, 5, 12619, 16380, 48, 29.27, 2085, 8751, P2,
2026/08/25 00:26:25.479, 6, 12619, 16380, 48, 23.40, 750, 5001, P3,
2026/08/25 00:26:26.520, 5, 12619, 16380, 48, 33.82, 2610, 8751, P2,
2026/08/25 00:26:27.566, 5, 12619, 16380, 48, 29.05, 945, 5001, P3,
2026/08/25 00:26:28.672, 5, 12619, 16380, 48, 32.68, 2610, 8751, P2,
2026/08/25 00:26:29.764, 5, 12619, 16380, 48, 29.08, 2610, 8751, P2,
2026/08/25 00:26:30.851, 6, 12619, 16380, 48, 30.75, 2190, 8751, P2,
2026/08/25 00:26:31.908, 62, 12619, 16380, 48, 24.85, 780, 5001, P3,
2026/08/25 00:26:33.000, 5, 12619, 16380, 48, 34.98, 2610, 8751, P2,
2026/08/25 00:26:34.065, 8, 12619, 16380, 48, 28.37, 975, 5001, P3,
2026/08/25 00:26:35.172, 10, 12619, 16380, 48, 32.65, 2610, 8751, P2,
2026/08/25 00:26:36.229, 5, 12619, 16380, 48, 29.11, 2610, 8751, P2,
2026/08/25 00:26:37.317, 8, 12619, 16380, 48, 32.78, 2610, 8751, P2,
2026/08/25 00:26:38.391, 85, 12619, 16380, 51, 29.53, 1170, 5001, P3,
2026/08/25 00:26:39.482, 5, 12619, 16380, 48, 33.53, 2610, 8751, P2,
2026/08/25 00:26:40.545, 11, 12619, 16380, 47, 29.15, 945, 5001, P3,
2026/08/25 00:26:41.638, 6, 12619, 16380, 47, 30.09, 2085, 8751, P2,
2026/08/25 00:26:42.686, 6, 12619, 16380, 48, 23.49, 2085, 8751, P2,
2026/08/25 00:26:43.774, 5, 12619, 16380, 48, 33.56, 2610, 8751, P2,
2026/08/25 00:26:44.835, 8, 12619, 16380, 48, 29.04, 2610, 8751, P2,
2026/08/25 00:26:45.910, 5, 12619, 16380, 48, 33.86, 2610, 8751, P2,
2026/08/25 00:26:46.983, 9, 12619, 16380, 49, 28.44, 915, 5001, P3,
2026/08/25 00:26:48.076, 5, 12619, 16380, 48, 33.11, 2610, 8751, P2,
2026/08/25 00:26:49.130, 7, 12619, 16380, 48, 29.44, 2610, 8751, P2,
2026/08/25 00:26:50.218, 6, 12619, 16380, 47, 31.62, 1875, 8751, P2,
2026/08/25 00:26:51.276, 6, 12619, 16380, 47, 23.50, 1875, 8751, P2,
2026/08/25 00:26:52.349, 5, 12619, 16380, 48, 32.83, 2610, 8751, P2,
2026/08/25 00:26:53.411, 73, 12619, 16380, 50, 29.37, 990, 5001, P3,
2026/08/25 00:26:54.505, 5, 12619, 16380, 48, 34.27, 2610, 8751, P2,
2026/08/25 00:26:55.555, 5, 12619, 16380, 47, 29.28, 870, 5001, P3,
2026/08/25 00:26:56.638, 5, 12619, 16380, 47, 30.97, 2280, 8751, P2,
2026/08/25 00:26:57.697, 5, 12619, 16380, 47, 24.96, 2280, 8751, P2,
2026/08/25 00:26:58.788, 6, 12619, 16380, 48, 34.68, 2610, 8751, P2,
2026/08/25 00:26:59.850, 5, 12619, 16380, 49, 29.37, 2610, 8751, P2,
2026/08/25 00:27:00.959, 9, 12619, 16380, 48, 34.84, 2610, 8751, P2,
2026/08/25 00:27:02.024, 9, 12619, 16380, 47, 28.87, 915, 5001, P3,
2026/08/25 00:27:03.067, 9, 12619, 16380, 48, 33.73, 2610, 8751, P2,
2026/08/25 00:27:04.145, 5, 12619, 16380, 48, 29.67, 2610, 8751, P2,
2026/08/25 00:27:05.252, 5, 12619, 16380, 48, 33.43, 2610, 8751, P2,
2026/08/25 00:27:06.341, 5, 12619, 16380, 48, 29.70, 2610, 8751, P2,
2026/08/25 00:27:07.435, 5, 12619, 16380, 48, 34.49, 2610, 8751, P2,
2026/08/25 00:27:08.515, 7, 12619, 16380, 47, 29.50, 915, 5001, P3,
2026/08/25 00:27:09.608, 5, 12619, 16380, 48, 31.58, 2310, 8751, P2,
2026/08/25 00:27:10.701, 12, 12619, 16380, 47, 25.48, 2310, 8751, P2,
2026/08/25 00:27:11.794, 7, 12619, 16380, 47, 31.03, 2175, 8751, P2,
2026/08/25 00:27:12.873, 6, 12619, 16380, 47, 24.39, 2175, 8751, P2,
2026/08/25 00:27:13.959, 5, 12619, 16380, 48, 36.39, 2610, 8751, P2,
2026/08/25 00:27:15.041, 10, 12619, 16380, 47, 28.79, 1005, 5001, P3,
2026/08/25 00:27:16.117, 5, 12619, 16380, 48, 34.43, 2610, 8751, P2,
2026/08/25 00:27:17.213, 10, 12619, 16380, 48, 29.60, 2610, 8751, P2,
2026/08/25 00:27:18.314, 5, 12619, 16380, 48, 34.32, 2610, 8751, P2,
2026/08/25 00:27:19.390, 8, 12619, 16380, 48, 29.68, 2610, 8751, P2,
2026/08/25 00:27:20.490, 7, 12619, 16380, 48, 35.14, 2610, 8751, P2,
2026/08/25 00:27:21.574, 5, 12619, 16380, 48, 29.91, 945, 5001, P3,
2026/08/25 00:27:22.666, 5, 12619, 16380, 48, 34.93, 2655, 8751, P2,
2026/08/25 00:27:23.732, 7, 12619, 16380, 48, 30.98, 2655, 8751, P2,
2026/08/25 00:27:24.825, 5, 12619, 16380, 48, 32.92, 2280, 8751, P2,
2026/08/25 00:27:25.875, 10, 12619, 16380, 47, 25.16, 2280, 8751, P2,
2026/08/25 00:27:26.966, 5, 12619, 16380, 49, 37.18, 2610, 8751, P2,
2026/08/25 00:27:28.030, 13, 12619, 16380, 47, 29.21, 1020, 5001, P3,
2026/08/25 00:27:29.127, 5, 12619, 16380, 48, 34.86, 2610, 8751, P2,
2026/08/25 00:27:30.187, 10, 12619, 16380, 48, 29.98, 2610, 8751, P2,
2026/08/25 00:27:31.231, 5, 12619, 16380, 49, 34.66, 2610, 8751, P2,
2026/08/25 00:27:32.271, 11, 12619, 16380, 48, 29.98, 2610, 8751, P2,
2026/08/25 00:27:33.320, 5, 12619, 16380, 48, 34.66, 2610, 8751, P2,
2026/08/25 00:27:34.417, 5, 12619, 16380, 48, 29.94, 960, 5001, P3,
2026/08/25 00:27:35.512, 11, 12619, 16380, 48, 34.51, 2610, 8751, P2,
2026/08/25 00:27:36.587, 7, 12619, 16380, 48, 30.59, 2610, 8751, P2,
2026/08/25 00:27:37.680, 5, 12619, 16380, 48, 34.62, 2625, 8751, P2,
2026/08/25 00:27:38.774, 10, 12619, 16380, 48, 30.17, 2625, 8751, P2,
2026/08/25 00:27:39.886, 7, 12619, 16380, 48, 35.35, 2760, 8751, P2,
2026/08/25 00:27:41.014, 5, 12619, 16380, 48, 34.88, 2760, 8751, P2,
2026/08/25 00:27:42.098, 5, 12619, 16380, 49, 35.24, 2610, 8751, P2,
2026/08/25 00:27:43.183, 7, 12619, 16380, 48, 30.09, 2610, 8751, P2,
2026/08/25 00:27:44.295, 5, 12619, 16380, 48, 34.98, 2610, 8751, P2,
2026/08/25 00:27:45.388, 8, 12619, 16380, 48, 30.16, 2610, 8751, P2,
2026/08/25 00:27:46.498, 8, 12619, 16380, 48, 35.09, 2610, 8751, P2,
2026/08/25 00:27:47.576, 5, 12619, 16380, 48, 30.14, 2610, 8751, P2,
2026/08/25 00:27:48.702, 5, 12619, 16380, 48, 35.27, 2610, 8751, P2,
2026/08/25 00:27:49.831, 5, 12619, 16380, 48, 30.22, 2610, 8751, P2,
2026/08/25 00:27:50.940, 10, 12619, 16380, 48, 35.09, 2610, 8751, P2,
2026/08/25 00:27:52.065, 5, 12619, 16380, 48, 30.43, 2610, 8751, P2,
2026/08/25 00:27:53.147, 5, 12619, 16380, 49, 34.73, 2610, 8751, P2,
2026/08/25 00:27:54.229, 5, 12619, 16380, 48, 30.27, 2610, 8751, P2,
2026/08/25 00:27:55.341, 5, 12619, 16380, 48, 35.72, 2610, 8751, P2,
2026/08/25 00:27:56.449, 5, 12619, 16380, 48, 30.45, 990, 5001, P3,
2026/08/25 00:27:57.557, 8, 12619, 16380, 48, 35.18, 2610, 8751, P2,
2026/08/25 00:27:58.668, 10, 12619, 16380, 48, 30.95, 2610, 8751, P2,
2026/08/25 00:27:59.796, 5, 12619, 16380, 48, 35.43, 2610, 8751, P2,
2026/08/25 00:28:00.926, 8, 12619, 16380, 47, 29.77, 1020, 5001, P3,
2026/08/25 00:28:02.030, 5, 12619, 16380, 48, 35.83, 2610, 8751, P2,
2026/08/25 00:28:03.090, 13, 12619, 16380, 48, 30.69, 2610, 8751, P2,
2026/08/25 00:28:04.215, 5, 12619, 16380, 50, 35.99, 2610, 8751, P2,
2026/08/25 00:28:05.322, 5, 12619, 16380, 48, 30.58, 2610, 8751, P2,
2026/08/25 00:28:06.446, 7, 12619, 16380, 48, 37.21, 2610, 8751, P2,
2026/08/25 00:28:07.509, 8, 12619, 16380, 48, 29.99, 1005, 5001, P3,
2026/08/25 00:28:08.604, 5, 12619, 16380, 48, 35.82, 2610, 8751, P2,
2026/08/25 00:28:09.700, 9, 12619, 16380, 49, 30.52, 2610, 8751, P2,
2026/08/25 00:28:10.780, 5, 12619, 16380, 49, 36.22, 2610, 8751, P2,
2026/08/25 00:28:11.885, 5, 12619, 16380, 49, 30.54, 2610, 8751, P2,
2026/08/25 00:28:12.990, 5, 12619, 16380, 48, 37.13, 2610, 8751, P2,
2026/08/25 00:28:14.118, 11, 12619, 16380, 48, 30.74, 2610, 8751, P2,
2026/08/25 00:28:15.218, 9, 12619, 16380, 52, 36.36, 2610, 8751, P2,
2026/08/25 00:28:16.295, 6, 12619, 16380, 48, 30.62, 2610, 8751, P2,
2026/08/25 00:28:17.374, 5, 12619, 16380, 48, 36.26, 2610, 8751, P2,
2026/08/25 00:28:18.451, 8, 12619, 16380, 48, 30.12, 1035, 5001, P3,
2026/08/25 00:28:19.560, 5, 12619, 16380, 49, 36.35, 2610, 8751, P2,
2026/08/25 00:28:20.670, 13, 12619, 16380, 49, 30.89, 2610, 8751, P2,
2026/08/25 00:28:21.756, 5, 12619, 16380, 48, 36.76, 2610, 8751, P2,
2026/08/25 00:28:22.862, 5, 12619, 16380, 49, 30.69, 2610, 8751, P2,
2026/08/25 00:28:23.970, 5, 12619, 16380, 48, 37.22, 2610, 8751, P2,
2026/08/25 00:28:25.061, 5, 12619, 16380, 48, 30.96, 2610, 8751, P3,
2026/08/25 00:28:26.168, 9, 12619, 16380, 50, 36.44, 2610, 8751, P2,
2026/08/25 00:28:27.266, 5, 12619, 16380, 48, 30.86, 2610, 8751, P2,
2026/08/25 00:28:28.363, 5, 12619, 16380, 48, 36.73, 2610, 8751, P2,
2026/08/25 00:28:29.464, 8, 12619, 16380, 48, 30.26, 1050, 5001, P3,
2026/08/25 00:28:30.584, 5, 12619, 16380, 49, 36.88, 2610, 8751, P2,
2026/08/25 00:28:31.691, 15, 12619, 16380, 49, 30.80, 2610, 8751, P2,
2026/08/25 00:28:32.805, 5, 12619, 16380, 50, 36.80, 2610, 8751, P2,
2026/08/25 00:28:33.865, 5, 12619, 16380, 49, 30.85, 2610, 8751, P2,
2026/08/25 00:28:34.921, 5, 12619, 16380, 49, 36.82, 2610, 8751, P2,
2026/08/25 00:28:35.972, 5, 12619, 16380, 48, 31.12, 1050, 5001, P3,
2026/08/25 00:28:37.012, 10, 12619, 16380, 50, 36.81, 2610, 8751, P2,
2026/08/25 00:28:38.051, 11, 12619, 16380, 48, 31.00, 2610, 8751, P2,
2026/08/25 00:28:39.145, 43, 12619, 16380, 49, 32.92, 1710, 8751, P2,
2026/08/25 00:28:40.238, 37, 12619, 16380, 49, 40.99, 1815, 8751, P2,
2026/08/25 00:28:41.320, 38, 12619, 16380, 50, 41.56, 1980, 8751, P2,
2026/08/25 00:28:42.412, 41, 12619, 16380, 49, 42.43, 2220, 8751, P2,
2026/08/25 00:28:43.469, 40, 12619, 16380, 49, 44.63, 2310, 8751, P2,
2026/08/25 00:28:44.572, 41, 12619, 16380, 50, 45.76, 2325, 8751, P2,
2026/08/25 00:28:45.682, 40, 12619, 16380, 50, 46.14, 2355, 8751, P2,
2026/08/25 00:28:46.802, 37, 12619, 16380, 51, 46.79, 2385, 8751, P2,
2026/08/25 00:28:47.855, 40, 11347, 16380, 50, 48.37, 2475, 8751, P2,
2026/08/25 00:28:48.896, 0, 2793, 16380, 48, 29.01, 2475, 8751, P2,
2026/08/25 00:28:49.933, 0, 2793, 16380, 48, 26.28, 2610, 8751, P2,
2026/08/25 00:28:50.970, 0, 11267, 16380, 49, 29.63, 2760, 8751, P2,
2026/08/25 00:28:52.008, 0, 11267, 16380, 49, 31.94, 2760, 8751, P2,
2026/08/25 00:28:53.053, 0, 11267, 16380, 48, 29.89, 2610, 8751, P2,
2026/08/25 00:28:54.093, 26, 11267, 16380, 48, 27.89, 2610, 8751, P2,
2026/08/25 00:28:55.138, 26, 11267, 16380, 48, 28.60, 1965, 8751, P2,
2026/08/25 00:28:56.219, 0, 11891, 16380, 48, 23.56, 1605, 810, P5,
2026/08/25 00:28:57.313, 6, 11965, 16380, 48, 28.93, 2130, 8751, P2,
2026/08/25 00:28:58.374, 6, 11969, 16380, 48, 23.30, 915, 5001, P3,
2026/08/25 00:28:59.458, 38, 11657, 16380, 49, 31.53, 1695, 8751, P2,
2026/08/25 00:29:00.556, 36, 11657, 16380, 49, 38.91, 1695, 8751, P2,
2026/08/25 00:29:01.645, 38, 11657, 16380, 49, 38.20, 1860, 8751, P2,
2026/08/25 00:29:02.742, 36, 11657, 16380, 50, 39.60, 1860, 8751, P2,
2026/08/25 00:29:03.853, 37, 11657, 16380, 50, 39.60, 1710, 8751, P2,
2026/08/25 00:29:04.923, 37, 11657, 16380, 50, 39.36, 1650, 8751, P2,
2026/08/25 00:29:06.004, 36, 11657, 16380, 49, 38.49, 1890, 8751, P2,
2026/08/25 00:29:07.089, 36, 11657, 16380, 49, 39.69, 1740, 8751, P2,
2026/08/25 00:29:08.186, 5, 12123, 16380, 50, 41.46, 2610, 8751, P2,
2026/08/25 00:29:09.292, 7, 12123, 16380, 49, 29.04, 2610, 8751, P2,
2026/08/25 00:29:10.416, 6, 12125, 16380, 49, 31.48, 2130, 8751, P2,
2026/08/25 00:29:11.527, 6, 12133, 16380, 48, 23.49, 2130, 8751, P2,
2026/08/25 00:29:12.653, 5, 12133, 16380, 50, 33.67, 2610, 8751, P2,
2026/08/25 00:29:13.752, 6, 12133, 16380, 49, 28.80, 2610, 8751, P2,
2026/08/25 00:29:14.876, 7, 12133, 16380, 49, 32.51, 2610, 8751, P2,
2026/08/25 00:29:15.939, 84, 12133, 16380, 50, 29.40, 1155, 5001, P3,
2026/08/25 00:29:17.046, 5, 12133, 16380, 49, 33.36, 2610, 8751, P2,
2026/08/25 00:29:18.105, 5, 12133, 16380, 49, 28.83, 885, 5001, P3,
2026/08/25 00:29:19.195, 7, 12133, 16380, 48, 29.77, 2070, 8751, P2,
2026/08/25 00:29:20.258, 6, 12133, 16380, 48, 23.42, 2070, 8751, P2,
2026/08/25 00:29:21.356, 5, 12133, 16380, 48, 33.25, 2610, 8751, P2,
2026/08/25 00:29:22.418, 5, 12133, 16380, 49, 28.87, 2610, 8751, P2,
2026/08/25 00:29:23.519, 5, 12133, 16380, 48, 33.79, 2610, 8751, P2,
2026/08/25 00:29:24.575, 9, 12133, 16380, 48, 28.13, 915, 5001, P3,
2026/08/25 00:29:25.667, 5, 12133, 16380, 48, 32.95, 2610, 8751, P2,
2026/08/25 00:29:26.745, 5, 12133, 16380, 48, 29.01, 2610, 8751, P2,
2026/08/25 00:29:27.839, 5, 12133, 16380, 48, 32.55, 2610, 8751, P2,
2026/08/25 00:29:28.922, 5, 12133, 16380, 48, 29.12, 2610, 8751, P2,
2026/08/25 00:29:30.035, 5, 12133, 16380, 50, 33.58, 2610, 8751, P2,
2026/08/25 00:29:31.114, 5, 12133, 16380, 48, 28.97, 900, 5001, P3,
2026/08/25 00:29:32.191, 6, 12133, 16380, 48, 30.09, 2190, 8751, P2,
2026/08/25 00:29:33.269, 9, 12133, 16380, 48, 23.97, 2190, 8751, P2,
2026/08/25 00:29:34.367, 6, 12133, 16380, 48, 30.01, 2115, 8751, P2,
2026/08/25 00:29:35.430, 6, 12133, 16380, 48, 23.57, 2115, 8751, P2,
2026/08/25 00:29:36.520, 5, 12133, 16380, 49, 35.38, 2610, 8751, P2,
2026/08/25 00:29:37.595, 8, 12133, 16380, 48, 28.31, 975, 5001, P3,
2026/08/25 00:29:38.676, 5, 12133, 16380, 49, 33.38, 2610, 8751, P2,
2026/08/25 00:29:39.722, 6, 12133, 16380, 48, 29.06, 2610, 8751, P2,
2026/08/25 00:29:40.762, 5, 12133, 16380, 51, 33.53, 2610, 8751, P2,
2026/08/25 00:29:41.799, 5, 12133, 16380, 49, 29.17, 2610, 8751, P2,
2026/08/25 00:29:42.837, 46, 12139, 16380, 48, 29.40, 1350, 5001, P3,
2026/08/25 00:29:43.924, 37, 12139, 16380, 49, 37.63, 1890, 8751, P2,
2026/08/25 00:29:45.021, 37, 12139, 16380, 49, 39.78, 1755, 8751, P2,
2026/08/25 00:29:46.107, 31, 12139, 16380, 49, 39.17, 1680, 8751, P2,
2026/08/25 00:29:47.178, 38, 12139, 16380, 49, 39.08, 1635, 8751, P2,
2026/08/25 00:29:48.271, 36, 12139, 16380, 50, 38.84, 1965, 8751, P2,
2026/08/25 00:29:49.339, 37, 12139, 16380, 49, 40.39, 1965, 8751, P2,
2026/08/25 00:29:50.434, 38, 12139, 16380, 49, 40.40, 1830, 8751, P2,
2026/08/25 00:29:51.555, 5, 12619, 16380, 50, 44.13, 2745, 8751, P2,
2026/08/25 00:29:52.677, 4, 12619, 16380, 49, 33.38, 2745, 8751, P2,
2026/08/25 00:29:53.803, 5, 12619, 16380, 48, 34.40, 2055, 8751, P2,
2026/08/25 00:29:54.927, 8, 12619, 16380, 48, 23.26, 2055, 8751, P2,
2026/08/25 00:29:56.004, 5, 12619, 16380, 48, 32.70, 2610, 8751, P2,
2026/08/25 00:29:57.110, 4, 12619, 16380, 49, 28.80, 2610, 8751, P2,
2026/08/25 00:29:58.203, 8, 12619, 16380, 48, 30.32, 1980, 8751, P2,
2026/08/25 00:29:59.333, 6, 12619, 16380, 48, 23.33, 1980, 8751, P2,
2026/08/25 00:30:00.451, 5, 12619, 16380, 49, 34.71, 2610, 8751, P2,
2026/08/25 00:30:01.559, 11, 12619, 16380, 48, 28.00, 960, 5001, P3,
2026/08/25 00:30:02.616, 10, 12619, 16380, 48, 32.90, 2610, 8751, P2,
2026/08/25 00:30:03.689, 5, 12619, 16380, 48, 29.03, 2610, 8751, P2,
2026/08/25 00:30:04.765, 5, 12619, 16380, 48, 32.58, 2610, 8751, P2,
2026/08/25 00:30:05.846, 5, 12619, 16380, 49, 28.90, 2610, 8751, P2,
2026/08/25 00:30:06.937, 6, 12619, 16380, 48, 32.20, 1800, 8751, P2,
2026/08/25 00:30:08.018, 11, 12619, 16380, 49, 23.15, 675, 5001, P3,
2026/08/25 00:30:09.112, 5, 12619, 16380, 48, 34.42, 2610, 8751, P2,
2026/08/25 00:30:10.173, 11, 12619, 16380, 48, 29.03, 975, 5001, P3,
2026/08/25 00:30:11.280, 5, 12619, 16380, 48, 32.93, 2610, 8751, P2,
2026/08/25 00:30:12.341, 5, 12619, 16380, 48, 29.15, 2610, 8751, P2,
2026/08/25 00:30:13.430, 5, 12619, 16380, 48, 32.92, 2610, 8751, P2,
2026/08/25 00:30:14.489, 16, 12619, 16380, 50, 28.49, 900, 5001, P3,
2026/08/25 00:30:15.577, 6, 12619, 16380, 48, 29.54, 2085, 8751, P2,
2026/08/25 00:30:16.639, 6, 12619, 16380, 48, 23.50, 2085, 8751, P2,
2026/08/25 00:30:17.716, 5, 12619, 16380, 49, 34.50, 2610, 8751, P2,
2026/08/25 00:30:18.769, 5, 12619, 16380, 48, 28.98, 2610, 8751, P2,
2026/08/25 00:30:19.880, 7, 12619, 16380, 48, 33.10, 2610, 8751, P2,
2026/08/25 00:30:20.944, 5, 12619, 16380, 48, 29.33, 2610, 8751, P2,
2026/08/25 00:30:22.020, 9, 12619, 16380, 48, 30.84, 2280, 8751, P2,
2026/08/25 00:30:23.066, 6, 12619, 16380, 48, 24.79, 825, 5001, P3,
2026/08/25 00:30:24.157, 5, 12619, 16380, 49, 35.31, 2610, 8751, P2,
2026/08/25 00:30:25.220, 11, 12619, 16380, 48, 29.26, 990, 5001, P3,
2026/08/25 00:30:26.324, 6, 12619, 16380, 48, 33.57, 2610, 8751, P2,
2026/08/25 00:30:27.384, 10, 12619, 16380, 48, 29.52, 2610, 8751, P2,
2026/08/25 00:30:28.476, 6, 12619, 16380, 48, 33.74, 2610, 8751, P2,
2026/08/25 00:30:29.538, 9, 12619, 16380, 48, 28.46, 930, 5001, P3,
2026/08/25 00:30:30.627, 5, 12619, 16380, 48, 33.46, 2610, 8751, P2,
2026/08/25 00:30:31.685, 5, 12619, 16380, 49, 29.30, 2610, 8751, P2,
2026/08/25 00:30:32.793, 6, 12619, 16380, 48, 31.53, 2295, 8751, P2,
2026/08/25 00:30:33.858, 7, 12619, 16380, 48, 25.03, 2295, 8751, P2,
2026/08/25 00:30:34.952, 5, 12619, 16380, 48, 36.08, 2610, 8751, P2,
2026/08/25 00:30:35.999, 40, 12619, 16380, 51, 28.94, 990, 5001, P3,
2026/08/25 00:30:37.074, 5, 12619, 16380, 48, 34.55, 2610, 8751, P2,
2026/08/25 00:30:38.134, 5, 12619, 16380, 49, 29.45, 930, 5001, P3,
2026/08/25 00:30:39.228, 5, 12619, 16380, 48, 33.61, 2610, 8751, P2,
2026/08/25 00:30:40.290, 6, 12619, 16380, 48, 29.42, 2610, 8751, P2,
2026/08/25 00:30:41.394, 5, 12619, 16380, 48, 33.63, 2610, 8751, P2,
2026/08/25 00:30:42.471, 35, 12619, 16380, 51, 29.53, 915, 5001, P3,
2026/08/25 00:30:43.529, 6, 12619, 16380, 48, 31.28, 2160, 8751, P2,
2026/08/25 00:30:44.572, 6, 12619, 16380, 48, 24.07, 2160, 8751, P2,
2026/08/25 00:30:45.610, 5, 12619, 16380, 49, 35.30, 2610, 8751, P2,
2026/08/25 00:30:46.656, 6, 12619, 16380, 48, 29.51, 2610, 8751, P2,
2026/08/25 00:30:47.729, 5, 12619, 16380, 49, 34.17, 2610, 8751, P2,
2026/08/25 00:30:48.824, 5, 12619, 16380, 48, 29.56, 2610, 8751, P2,
2026/08/25 00:30:49.929, 5, 12619, 16380, 49, 34.56, 2610, 8751, P2,
2026/08/25 00:30:51.036, 5, 12619, 16380, 48, 29.74, 975, 5001, P3,
2026/08/25 00:30:52.155, 7, 12619, 16380, 48, 34.15, 2610, 8751, P2,
2026/08/25 00:30:53.243, 7, 12619, 16380, 48, 30.07, 2610, 8751, P2,
2026/08/25 00:30:54.366, 5, 12619, 16380, 48, 34.19, 2625, 8751, P2,
2026/08/25 00:30:55.481, 8, 12619, 16380, 49, 29.44, 945, 5001, P3,
2026/08/25 00:30:56.569, 5, 12619, 16380, 48, 35.05, 2610, 8751, P2,
2026/08/25 00:30:57.644, 5, 12619, 16380, 48, 29.89, 2610, 8751, P2,
2026/08/25 00:30:58.720, 8, 12619, 16380, 48, 31.88, 2280, 8751, P2,
2026/08/25 00:30:59.818, 8, 12619, 16380, 48, 25.28, 2280, 8751, P2,
2026/08/25 00:31:00.923, 5, 12619, 16380, 48, 35.78, 2610, 8751, P2,
2026/08/25 00:31:01.985, 91, 12619, 16380, 50, 29.91, 960, 5001, P3,
2026/08/25 00:31:03.063, 8, 12619, 16380, 48, 36.42, 2610, 8751, P2,
2026/08/25 00:31:04.126, 8, 12619, 16380, 48, 29.28, 990, 5001, P3,
2026/08/25 00:31:05.214, 11, 12619, 16380, 48, 34.69, 2610, 8751, P2,
2026/08/25 00:31:06.290, 5, 12619, 16380, 48, 30.11, 2610, 8751, P2,
2026/08/25 00:31:07.345, 7, 12619, 16380, 48, 35.76, 2715, 8751, P2,
2026/08/25 00:31:08.438, 5, 12619, 16380, 48, 33.00, 2715, 8751, P2,
2026/08/25 00:31:09.530, 5, 12619, 16380, 48, 35.18, 2610, 8751, P2,
2026/08/25 00:31:10.590, 5, 12619, 16380, 48, 30.15, 2610, 8751, P2,
2026/08/25 00:31:11.681, 10, 12619, 16380, 48, 32.95, 2205, 8751, P2,
2026/08/25 00:31:12.773, 6, 12619, 16380, 48, 25.11, 2205, 8751, P2,
2026/08/25 00:31:13.863, 8, 12619, 16380, 48, 36.15, 2550, 8751, P2,
2026/08/25 00:31:14.941, 5, 12619, 16380, 48, 29.35, 2550, 8751, P2,
2026/08/25 00:31:16.031, 8, 12619, 16380, 49, 40.32, 2760, 8751, P2,
2026/08/25 00:31:17.123, 8, 12619, 16380, 48, 33.54, 1005, 5001, P3,
2026/08/25 00:31:18.227, 8, 12619, 16380, 49, 35.17, 2610, 8751, P2,
2026/08/25 00:31:19.306, 5, 12619, 16380, 49, 30.42, 2610, 8751, P2,
2026/08/25 00:31:20.386, 5, 12619, 16380, 49, 34.59, 2610, 8751, P2,
2026/08/25 00:31:21.495, 67, 12619, 16380, 49, 29.98, 1020, 5001, P3,
2026/08/25 00:31:22.601, 6, 12619, 16380, 48, 36.06, 2610, 8751, P2,
2026/08/25 00:31:23.692, 5, 12619, 16380, 48, 30.50, 990, 5001, P3,
2026/08/25 00:31:24.781, 8, 12619, 16380, 49, 35.25, 2610, 8751, P2,
2026/08/25 00:31:25.884, 10, 12619, 16380, 48, 31.00, 2610, 8751, P2,
2026/08/25 00:31:27.006, 8, 12619, 16380, 48, 36.42, 2610, 8751, P2,
2026/08/25 00:31:28.099, 8, 12619, 16380, 48, 29.55, 990, 5001, P3,
2026/08/25 00:31:29.191, 5, 12619, 16380, 49, 35.30, 2610, 8751, P2,
2026/08/25 00:31:30.283, 5, 12619, 16380, 49, 30.62, 2610, 8751, P2,
2026/08/25 00:31:31.375, 5, 12619, 16380, 49, 35.01, 2610, 8751, P2,
2026/08/25 00:31:32.483, 50, 12619, 16380, 48, 29.66, 945, 5001, P3,
2026/08/25 00:31:33.590, 5, 12619, 16380, 49, 36.48, 2610, 8751, P2,
2026/08/25 00:31:34.718, 5, 12619, 16380, 48, 30.67, 960, 5001, P3,
2026/08/25 00:31:35.809, 8, 12619, 16380, 50, 35.83, 2610, 8751, P2,
2026/08/25 00:31:36.899, 6, 12619, 16380, 48, 30.44, 2610, 8751, P2,
2026/08/25 00:31:38.009, 9, 12619, 16380, 48, 36.97, 2610, 8751, P2,
2026/08/25 00:31:39.103, 8, 12619, 16380, 48, 29.88, 1020, 5001, P3,
2026/08/25 00:31:40.178, 5, 12619, 16380, 50, 35.88, 2610, 8751, P2,
2026/08/25 00:31:41.286, 9, 12619, 16380, 50, 30.47, 2610, 8751, P2,
2026/08/25 00:31:42.407, 5, 12619, 16380, 48, 36.32, 2610, 8751, P2,
2026/08/25 00:31:43.513, 20, 12619, 16380, 48, 29.43, 945, 5001, P3,
2026/08/25 00:31:44.603, 5, 12619, 16380, 49, 37.30, 2610, 8751, P2,
2026/08/25 00:31:45.718, 8, 12619, 16380, 49, 30.55, 1005, 5001, P3,
2026/08/25 00:31:46.812, 9, 12619, 16380, 48, 36.49, 2610, 8751, P2,
2026/08/25 00:31:47.892, 5, 12619, 16380, 49, 30.59, 2610, 8751, P2,
2026/08/25 00:31:48.935, 5, 12619, 16380, 50, 36.32, 2610, 8751, P2,
2026/08/25 00:31:49.977, 8, 12619, 16380, 48, 30.08, 1035, 5001, P3,
2026/08/25 00:31:51.019, 5, 12619, 16380, 49, 36.37, 2610, 8751, P2,
2026/08/25 00:31:52.077, 11, 12619, 16380, 49, 30.91, 2610, 8751, P2,
2026/08/25 00:31:53.181, 5, 12619, 16380, 48, 36.92, 2610, 8751, P2,
2026/08/25 00:31:54.286, 5, 12619, 16380, 49, 30.72, 2610, 8751, P2,
2026/08/25 00:31:55.382, 5, 12619, 16380, 49, 36.81, 2610, 8751, P2,
2026/08/25 00:31:56.491, 7, 12619, 16380, 49, 31.00, 1050, 5001, P3,
2026/08/25 00:31:57.584, 9, 12619, 16380, 51, 36.62, 2610, 8751, P2,
2026/08/25 00:31:58.675, 6, 12619, 16380, 49, 30.80, 2610, 8751, P2,
2026/08/25 00:31:59.783, 5, 12619, 16380, 49, 36.71, 2610, 8751, P2,
2026/08/25 00:32:00.880, 5, 12619, 16380, 49, 30.79, 2610, 8751, P2,
2026/08/25 00:32:01.933, 9, 12619, 16380, 49, 37.15, 2610, 8751, P2,
2026/08/25 00:32:03.003, 10, 12619, 16380, 48, 31.06, 2610, 8751, P2,
2026/08/25 00:32:04.113, 5, 12619, 16380, 49, 37.77, 2580, 8751, P2,
2026/08/25 00:32:05.194, 5, 12619, 16380, 49, 30.89, 2580, 8751, P2,
2026/08/25 00:32:06.252, 5, 12619, 16380, 50, 39.98, 2760, 8751, P2,
2026/08/25 00:32:07.356, 9, 12619, 16380, 50, 35.58, 2760, 8751, P2,
2026/08/25 00:32:08.479, 37, 12619, 16380, 53, 37.38, 2610, 8751, P2,
2026/08/25 00:32:09.604, 9, 12619, 16380, 49, 30.99, 2610, 8751, P2,
2026/08/25 00:32:10.684, 49, 12619, 16380, 49, 31.75, 2025, 8751, P2,
2026/08/25 00:32:11.740, 38, 12619, 16380, 50, 40.34, 2040, 8751, P2,
2026/08/25 00:32:12.813, 41, 12619, 16380, 49, 41.54, 2040, 8751, P2,
2026/08/25 00:32:13.894, 41, 12619, 16380, 50, 42.03, 2130, 8751, P2,
2026/08/25 00:32:14.984, 38, 12619, 16380, 49, 42.48, 2190, 8751, P2,
2026/08/25 00:32:16.070, 40, 12619, 16380, 50, 42.90, 2190, 8751, P2,
2026/08/25 00:32:17.139, 38, 12619, 16380, 50, 42.52, 2160, 8751, P2,
2026/08/25 00:32:18.216, 40, 12619, 16380, 50, 42.30, 2130, 8751, P2,
2026/08/25 00:32:19.306, 40, 11347, 16380, 50, 42.77, 2220, 8751, P2,
2026/08/25 00:32:20.357, 0, 2793, 16380, 48, 30.48, 2220, 8751, P2,
2026/08/25 00:32:21.394, 0, 2793, 16380, 49, 24.69, 2610, 8751, P2,
2026/08/25 00:32:22.444, 6, 11267, 16380, 49, 26.73, 2610, 8751, P2,
2026/08/25 00:32:23.481, 0, 11267, 16380, 49, 32.19, 2760, 8751, P2,
2026/08/25 00:32:24.517, 0, 11267, 16380, 49, 29.84, 2610, 8751, P2,
2026/08/25 00:32:25.557, 32, 11267, 16380, 49, 27.83, 2610, 8751, P2,
2026/08/25 00:32:26.598, 25, 11267, 16380, 49, 28.68, 2610, 8751, P2,
2026/08/25 00:32:27.674, 1, 11869, 16380, 49, 25.98, 1755, 8751, P2,
2026/08/25 00:32:28.784, 4, 11959, 16380, 49, 35.66, 2760, 8751, P2,
2026/08/25 00:32:29.879, 5, 11963, 16380, 49, 33.38, 2760, 8751, P2,
2026/08/25 00:32:30.966, 44, 11651, 16380, 49, 28.72, 1215, 5001, P3,
2026/08/25 00:32:32.039, 34, 11651, 16380, 49, 35.34, 1695, 8751, P2,
2026/08/25 00:32:33.102, 35, 11651, 16380, 50, 37.22, 1695, 8751, P2,
2026/08/25 00:32:34.160, 31, 11651, 16380, 49, 36.15, 1710, 8751, P2,
2026/08/25 00:32:35.233, 34, 11651, 16380, 50, 36.98, 1710, 8751, P2,
2026/08/25 00:32:36.294, 37, 11651, 16380, 50, 36.45, 1680, 8751, P2,
2026/08/25 00:32:37.355, 34, 11651, 16380, 50, 37.88, 1680, 8751, P2,
2026/08/25 00:32:38.427, 34, 11651, 16380, 50, 36.68, 1890, 8751, P2,
2026/08/25 00:32:39.499, 30, 11651, 16380, 49, 37.45, 1890, 8751, P2,
2026/08/25 00:32:40.554, 41, 12117, 16380, 53, 37.00, 1650, 8751, P2,
2026/08/25 00:32:41.645, 4, 12117, 16380, 49, 38.85, 2760, 8751, P2,
2026/08/25 00:32:42.702, 5, 12117, 16380, 49, 33.47, 960, 5001, P3,
2026/08/25 00:32:43.804, 6, 12121, 16380, 48, 30.76, 1740, 8751, P2,
2026/08/25 00:32:44.874, 6, 12127, 16380, 48, 23.16, 1740, 8751, P2,
2026/08/25 00:32:45.966, 6, 12127, 16380, 48, 29.20, 2070, 8751, P2,
2026/08/25 00:32:47.067, 10, 12127, 16380, 48, 23.12, 705, 5001, P3,
2026/08/25 00:32:48.171, 5, 12127, 16380, 49, 32.79, 2610, 8751, P2,
2026/08/25 00:32:49.276, 5, 12127, 16380, 49, 28.91, 2610, 8751, P2,
2026/08/25 00:32:50.374, 5, 12127, 16380, 49, 33.45, 2610, 8751, P2,
2026/08/25 00:32:51.480, 11, 12127, 16380, 49, 28.95, 2610, 8751, P2,
2026/08/25 00:32:52.543, 6, 12127, 16380, 48, 28.88, 1965, 8751, P2,
2026/08/25 00:32:53.580, 5, 12127, 16380, 48, 23.27, 1965, 8751, P2,
2026/08/25 00:32:54.624, 5, 12127, 16380, 49, 31.45, 2610, 8751, P2,
2026/08/25 00:32:55.663, 5, 12127, 16380, 49, 28.78, 2610, 8751, P2,
2026/08/25 00:32:56.771, 5, 12127, 16380, 49, 33.25, 2610, 8751, P2,
2026/08/25 00:32:57.847, 5, 12127, 16380, 49, 28.84, 2610, 8751, P2,
2026/08/25 00:32:58.961, 100, 12127, 16380, 52, 28.76, 1350, 5001, P3,
2026/08/25 00:33:00.069, 6, 12127, 16380, 48, 23.35, 2025, 8751, P2,
2026/08/25 00:33:01.192, 51, 12127, 16380, 49, 30.02, 2610, 8751, P2,
2026/08/25 00:33:02.310, 5, 12127, 16380, 49, 31.54, 2610, 8751, P2,
2026/08/25 00:33:03.406, 61, 12127, 16380, 50, 28.00, 870, 5001, P3,
2026/08/25 00:33:04.512, 5, 12127, 16380, 49, 28.91, 2610, 8751, P2,
2026/08/25 00:33:05.629, 7, 12127, 16380, 48, 31.60, 2040, 8751, P2,
2026/08/25 00:33:06.722, 6, 12127, 16380, 48, 23.06, 2040, 8751, P2,
2026/08/25 00:33:07.814, 84, 12127, 16380, 50, 24.73, 960, 5001, P3,
2026/08/25 00:33:08.938, 5, 12127, 16380, 49, 34.10, 2610, 8751, P2,
2026/08/25 00:33:10.051, 67, 12127, 16380, 49, 33.86, 2610, 8751, P2,
2026/08/25 00:33:11.109, 5, 12127, 16380, 48, 33.46, 2610, 8751, P2,
2026/08/25 00:33:12.170, 9, 12127, 16380, 50, 26.36, 900, 5001, P3,
2026/08/25 00:33:13.234, 5, 12127, 16380, 48, 33.22, 2610, 8751, P2,
2026/08/25 00:33:14.312, 6, 12127, 16380, 50, 29.04, 2610, 8751, P2,
2026/08/25 00:33:15.401, 5, 12127, 16380, 49, 34.26, 2610, 8751, P2,
2026/08/25 00:33:16.531, 8, 12127, 16380, 48, 27.61, 915, 5001, P3,
2026/08/25 00:33:17.595, 45, 12131, 16380, 49, 28.51, 1260, 5001, P3,
2026/08/25 00:33:18.658, 36, 12131, 16380, 49, 35.38, 1710, 8751, P2,
2026/08/25 00:33:19.730, 39, 12131, 16380, 49, 37.79, 1710, 8751, P2,
2026/08/25 00:33:20.808, 39, 12131, 16380, 49, 37.99, 1635, 8751, P2,
2026/08/25 00:33:21.888, 37, 12131, 16380, 50, 36.82, 1860, 8751, P2,
2026/08/25 00:33:22.962, 40, 12131, 16380, 49, 38.30, 1860, 8751, P2,
2026/08/25 00:33:24.035, 38, 12131, 16380, 49, 37.97, 1650, 8751, P2,
2026/08/25 00:33:25.099, 36, 12131, 16380, 49, 36.56, 1845, 8751, P2,
2026/08/25 00:33:26.147, 39, 12131, 16380, 50, 38.64, 1845, 8751, P2,
2026/08/25 00:33:27.233, 56, 12611, 16380, 49, 37.52, 1725, 8751, P2,
2026/08/25 00:33:28.355, 5, 12611, 16380, 49, 40.98, 2730, 8751, P2,
2026/08/25 00:33:29.453, 8, 12611, 16380, 48, 31.37, 1020, 5001, P3,
2026/08/25 00:33:30.559, 5, 12611, 16380, 49, 28.85, 2610, 8751, P2,
2026/08/25 00:33:31.638, 100, 12611, 16380, 52, 31.15, 2610, 8751, P2,
2026/08/25 00:33:32.744, 5, 12611, 16380, 49, 32.30, 2610, 8751, P2,
2026/08/25 00:33:33.869, 22, 12611, 16380, 50, 27.75, 840, 5001, P3,
2026/08/25 00:33:34.989, 5, 12611, 16380, 49, 33.39, 2610, 8751, P2,
2026/08/25 00:33:36.088, 54, 12611, 16380, 49, 33.39, 2610, 8751, P2,
2026/08/25 00:33:37.192, 5, 12611, 16380, 49, 31.97, 2610, 8751, P2,
2026/08/25 00:33:38.287, 73, 12611, 16380, 51, 28.14, 885, 5001, P3,
2026/08/25 00:33:39.410, 5, 12611, 16380, 49, 34.71, 2610, 8751, P2,
2026/08/25 00:33:40.520, 5, 12611, 16380, 49, 33.26, 2610, 8751, P2,
2026/08/25 00:33:41.647, 5, 12611, 16380, 49, 28.78, 2610, 8751, P2,
2026/08/25 00:33:42.760, 100, 12611, 16380, 55, 29.67, 2610, 8751, P2,
2026/08/25 00:33:43.868, 5, 12611, 16380, 50, 34.66, 2610, 8751, P2,
2026/08/25 00:33:44.997, 8, 12611, 16380, 48, 27.29, 900, 5001, P3,
2026/08/25 00:33:46.125, 6, 12611, 16380, 48, 23.20, 2010, 8751, P2,
2026/08/25 00:33:47.234, 100, 12611, 16380, 51, 26.92, 960, 5001, P3,
2026/08/25 00:33:48.313, 5, 12611, 16380, 49, 32.81, 2610, 8751, P2,
2026/08/25 00:33:49.424, 9, 12611, 16380, 48, 27.14, 870, 5001, P3,
2026/08/25 00:33:50.531, 5, 12611, 16380, 49, 28.89, 2610, 8751, P2,
2026/08/25 00:33:51.641, 100, 12611, 16380, 55, 33.96, 2610, 8751, P2,
2026/08/25 00:33:52.748, 5, 12611, 16380, 49, 33.01, 2610, 8751, P2,
2026/08/25 00:33:53.866, 61, 12611, 16380, 48, 28.04, 900, 5001, P3,
2026/08/25 00:33:54.950, 5, 12611, 16380, 49, 35.82, 2610, 8751, P2,
2026/08/25 00:33:56.061, 5, 12611, 16380, 49, 34.30, 2610, 8751, P2,
2026/08/25 00:33:57.153, 5, 12611, 16380, 49, 29.05, 2610, 8751, P2,
2026/08/25 00:33:58.212, 100, 12611, 16380, 51, 29.63, 915, 5001, P3,
2026/08/25 00:33:59.254, 6, 12611, 16380, 48, 29.86, 1905, 8751, P2,
2026/08/25 00:34:00.297, 6, 12611, 16380, 48, 23.50, 1905, 8751, P2,
2026/08/25 00:34:01.346, 5, 12611, 16380, 48, 32.86, 2610, 8751, P2,
2026/08/25 00:34:02.409, 6, 12611, 16380, 48, 29.28, 2610, 8751, P2,
2026/08/25 00:34:03.467, 5, 12611, 16380, 48, 33.75, 2610, 8751, P2,
2026/08/25 00:34:04.575, 9, 12611, 16380, 48, 28.50, 900, 5001, P3,
2026/08/25 00:34:05.703, 5, 12611, 16380, 48, 34.34, 2610, 8751, P2,
2026/08/25 00:34:06.825, 6, 12611, 16380, 48, 29.29, 2610, 8751, P2,
2026/08/25 00:34:07.884, 5, 12611, 16380, 48, 33.96, 2610, 8751, P2,
2026/08/25 00:34:08.978, 6, 12611, 16380, 49, 29.12, 2610, 8751, P2,
2026/08/25 00:34:10.090, 6, 12611, 16380, 48, 29.52, 2145, 8751, P2,
2026/08/25 00:34:11.194, 6, 12611, 16380, 50, 23.94, 2145, 8751, P2,
2026/08/25 00:34:12.297, 5, 12611, 16380, 49, 32.33, 2610, 8751, P2,
2026/08/25 00:34:13.415, 5, 12611, 16380, 48, 29.39, 2610, 8751, P2,
2026/08/25 00:34:14.517, 5, 12611, 16380, 48, 34.37, 2610, 8751, P2,
2026/08/25 00:34:15.615, 6, 12611, 16380, 48, 29.40, 2610, 8751, P2,
2026/08/25 00:34:16.727, 5, 12611, 16380, 48, 34.82, 2610, 8751, P2,
2026/08/25 00:34:17.792, 5, 12611, 16380, 49, 29.21, 2610, 8751, P2,
2026/08/25 00:34:18.899, 7, 12611, 16380, 49, 31.77, 2235, 8751, P2,
2026/08/25 00:34:20.007, 8, 12611, 16380, 48, 24.65, 2235, 8751, P2,
2026/08/25 00:34:21.132, 5, 12611, 16380, 50, 32.72, 2610, 8751, P2,
2026/08/25 00:34:22.223, 8, 12611, 16380, 49, 29.49, 2610, 8751, P2,
2026/08/25 00:34:23.347, 6, 12611, 16380, 49, 35.35, 2610, 8751, P2,
2026/08/25 00:34:24.468, 5, 12611, 16380, 48, 29.48, 2610, 8751, P2,
2026/08/25 00:34:25.578, 6, 12611, 16380, 48, 31.79, 2145, 8751, P2,
2026/08/25 00:34:26.672, 6, 12611, 16380, 48, 24.04, 2145, 8751, P2,
2026/08/25 00:34:27.781, 7, 12611, 16380, 49, 31.21, 2610, 8751, P2,
2026/08/25 00:34:28.890, 5, 12611, 16380, 49, 29.37, 2610, 8751, P2,
2026/08/25 00:34:29.982, 100, 12611, 16380, 50, 30.60, 885, 5001, P3,
2026/08/25 00:34:31.095, 5, 12611, 16380, 48, 29.66, 2610, 8751, P2,
2026/08/25 00:34:32.204, 7, 12611, 16380, 49, 35.38, 2610, 8751, P2,
2026/08/25 00:34:33.328, 5, 12611, 16380, 49, 29.68, 2610, 8751, P2,
2026/08/25 00:34:34.410, 100, 12611, 16380, 50, 30.22, 2325, 8751, P2,
2026/08/25 00:34:35.455, 7, 12611, 16380, 48, 37.22, 2610, 8751, P2,
2026/08/25 00:34:36.544, 7, 12611, 16380, 49, 32.50, 2310, 8751, P2,
2026/08/25 00:34:37.669, 10, 12611, 16380, 48, 25.69, 2310, 8751, P2,
2026/08/25 00:34:38.776, 100, 12611, 16380, 51, 29.02, 990, 5001, P3,
2026/08/25 00:34:39.884, 5, 12611, 16380, 48, 34.43, 2610, 8751, P2,
2026/08/25 00:34:40.995, 9, 12611, 16380, 48, 29.11, 900, 5001, P3,
2026/08/25 00:34:42.100, 5, 12611, 16380, 48, 29.83, 2610, 8751, P2,
2026/08/25 00:34:43.205, 100, 12611, 16380, 50, 30.40, 2325, 8751, P2,
2026/08/25 00:34:44.327, 7, 12611, 16380, 48, 37.51, 2610, 8751, P2,
2026/08/25 00:34:45.434, 8, 12611, 16380, 48, 28.26, 960, 5001, P3,
2026/08/25 00:34:46.528, 8, 12611, 16380, 48, 25.94, 2340, 8751, P2,
2026/08/25 00:34:47.587, 100, 12611, 16380, 51, 29.23, 1020, 5001, P3,
2026/08/25 00:34:48.675, 5, 12611, 16380, 48, 34.65, 2610, 8751, P2,
2026/08/25 00:34:49.741, 9, 12611, 16380, 48, 29.20, 885, 5001, P3,
2026/08/25 00:34:50.845, 5, 12611, 16380, 48, 35.92, 2610, 8751, P2,
2026/08/25 00:34:51.942, 11, 12611, 16380, 48, 30.01, 2610, 8751, P2,
2026/08/25 00:34:53.049, 6, 12611, 16380, 48, 31.52, 2160, 8751, P2,
2026/08/25 00:34:54.122, 9, 12611, 16380, 48, 24.45, 795, 5001, P3,
2026/08/25 00:34:55.214, 9, 12611, 16380, 49, 36.76, 2760, 8751, P2,
2026/08/25 00:34:56.318, 5, 12611, 16380, 49, 34.80, 2760, 8751, P2,
2026/08/25 00:34:57.410, 5, 12611, 16380, 48, 37.48, 2610, 8751, P2,
2026/08/25 00:34:58.515, 8, 12611, 16380, 49, 30.11, 2610, 8751, P2,
2026/08/25 00:34:59.626, 9, 12611, 16380, 49, 31.68, 2175, 8751, P2,
2026/08/25 00:35:00.732, 6, 12611, 16380, 48, 24.66, 2175, 8751, P2,
2026/08/25 00:35:01.834, 5, 12611, 16380, 48, 33.46, 2610, 8751, P2,
2026/08/25 00:35:02.910, 9, 12611, 16380, 49, 29.68, 2610, 8751, P2,
2026/08/25 00:35:03.954, 75, 12611, 16380, 50, 36.68, 2610, 8751, P2,
2026/08/25 00:35:04.997, 5, 12611, 16380, 48, 35.42, 2550, 8751, P2,
2026/08/25 00:35:06.043, 5, 12611, 16380, 48, 35.54, 2370, 8751, P2,
2026/08/25 00:35:07.137, 9, 12611, 16380, 48, 26.61, 2370, 8751, P2,
2026/08/25 00:35:08.247, 100, 12611, 16380, 50, 32.28, 2595, 8751, P2,
2026/08/25 00:35:09.320, 8, 12611, 16380, 48, 33.33, 2610, 8751, P2,
2026/08/25 00:35:10.413, 9, 12611, 16380, 48, 28.77, 855, 5001, P3,
2026/08/25 00:35:11.504, 5, 12611, 16380, 48, 37.42, 2610, 8751, P2,
2026/08/25 00:35:12.551, 100, 12611, 16380, 52, 34.18, 1365, 5001, P3,
2026/08/25 00:35:13.659, 8, 12611, 16380, 49, 38.27, 2745, 8751, P2,
2026/08/25 00:35:14.722, 8, 12611, 16380, 48, 33.74, 990, 5001, P3,
2026/08/25 00:35:15.814, 5, 12611, 16380, 48, 36.21, 2610, 8751, P2,
2026/08/25 00:35:16.879, 8, 12611, 16380, 49, 30.44, 2610, 8751, P2,
2026/08/25 00:35:17.990, 3, 12611, 16380, 49, 37.37, 2670, 8751, P2,
2026/08/25 00:35:19.133, 10, 12611, 16380, 48, 32.07, 960, 5001, P3,
2026/08/25 00:35:20.241, 5, 12611, 16380, 49, 38.45, 2745, 8751, P2,
2026/08/25 00:35:21.350, 8, 12611, 16380, 49, 35.22, 2745, 8751, P2,
2026/08/25 00:35:22.442, 5, 12611, 16380, 49, 37.49, 2610, 8751, P2,
2026/08/25 00:35:23.551, 9, 12611, 16380, 48, 29.85, 930, 5001, P3,
2026/08/25 00:35:24.673, 7, 12611, 16380, 49, 39.62, 2760, 8751, P2,
2026/08/25 00:35:25.784, 5, 12611, 16380, 50, 35.19, 2760, 8751, P2,
2026/08/25 00:35:26.909, 5, 12611, 16380, 49, 38.43, 2685, 8751, P2,
2026/08/25 00:35:28.032, 5, 12611, 16380, 49, 32.56, 990, 5001, P3,
2026/08/25 00:35:29.131, 9, 12611, 16380, 49, 37.56, 2700, 8751, P2,
2026/08/25 00:35:30.256, 5, 12611, 16380, 49, 33.51, 2700, 8751, P2,
2026/08/25 00:35:31.369, 5, 12611, 16380, 49, 38.29, 2610, 8751, P2,
2026/08/25 00:35:32.466, 9, 12611, 16380, 49, 30.62, 2610, 8751, P2,
2026/08/25 00:35:33.569, 10, 12611, 16380, 49, 35.51, 2430, 8751, P2,
2026/08/25 00:35:34.691, 5, 12611, 16380, 48, 27.83, 2430, 8751, P2,
2026/08/25 00:35:35.802, 5, 12611, 16380, 49, 35.48, 2610, 8751, P2,
2026/08/25 00:35:36.892, 5, 12611, 16380, 49, 30.12, 2610, 8751, P2,
2026/08/25 00:35:38.022, 100, 12611, 16380, 51, 35.02, 1620, 8751, P2,
2026/08/25 00:35:39.145, 5, 12611, 16380, 48, 28.66, 2475, 8751, P2,
2026/08/25 00:35:40.261, 9, 12611, 16380, 49, 35.64, 2610, 8751, P2,
2026/08/25 00:35:41.370, 5, 12611, 16380, 49, 30.83, 2610, 8751, P2,
2026/08/25 00:35:42.481, 100, 12611, 16380, 53, 31.08, 1755, 8751, P2,
2026/08/25 00:35:43.591, 5, 12611, 16380, 48, 27.99, 2430, 8751, P2,
2026/08/25 00:35:44.721, 24, 12611, 16380, 53, 34.53, 2685, 8751, P2,
2026/08/25 00:35:45.811, 5, 12611, 16380, 49, 33.91, 2685, 8751, P2,
2026/08/25 00:35:46.917, 39, 12611, 16380, 51, 30.05, 960, 5001, P3,
2026/08/25 00:35:47.993, 5, 12611, 16380, 49, 35.72, 2475, 8751, P2,
2026/08/25 00:35:49.085, 100, 12611, 16380, 51, 34.09, 2700, 8751, P2,
2026/08/25 00:35:50.174, 10, 12611, 16380, 49, 37.03, 2700, 8751, P2,
2026/08/25 00:35:51.260, 9, 12611, 16380, 49, 31.75, 900, 5001, P3,
2026/08/25 00:35:52.336, 40, 12611, 16380, 50, 33.72, 1785, 8751, P2,
2026/08/25 00:35:53.405, 42, 12611, 16380, 50, 39.14, 1785, 8751, P2,
2026/08/25 00:35:54.468, 41, 12611, 16380, 50, 39.22, 1740, 8751, P2,
2026/08/25 00:35:55.545, 35, 12611, 16380, 49, 38.33, 1680, 8751, P2,
2026/08/25 00:35:56.612, 36, 12611, 16380, 49, 38.18, 1635, 8751, P2,
2026/08/25 00:35:57.675, 37, 12611, 16380, 49, 38.63, 1650, 8751, P2,
2026/08/25 00:35:58.748, 34, 12611, 16380, 49, 38.21, 1650, 8751, P2,
2026/08/25 00:35:59.833, 37, 12611, 16380, 50, 36.76, 1845, 8751, P2,
2026/08/25 00:36:00.916, 40, 12611, 16380, 50, 38.53, 1845, 8751, P2,
2026/08/25 00:36:01.995, 40, 12611, 16380, 50, 39.16, 1755, 8751, P2,
2026/08/25 00:36:03.044, 9, 2793, 16380, 48, 22.44, 2610, 8751, P2,
2026/08/25 00:36:04.090, 0, 2793, 16380, 49, 25.02, 2610, 8751, P2,
2026/08/25 00:36:05.134, 0, 11267, 16380, 49, 29.65, 2760, 8751, P2,
2026/08/25 00:36:06.170, 0, 11267, 16380, 49, 32.12, 2760, 8751, P2,
2026/08/25 00:36:07.208, 0, 11267, 16380, 49, 29.77, 2610, 8751, P2,
2026/08/25 00:36:08.251, 26, 11267, 16380, 49, 27.45, 2610, 8751, P2,
2026/08/25 00:36:09.294, 27, 11267, 16380, 48, 28.65, 2160, 8751, P2,
2026/08/25 00:36:10.337, 20, 11867, 16380, 48, 23.81, 1830, 8751, P2,
2026/08/25 00:36:11.427, 3, 11965, 16380, 49, 31.92, 2760, 8751, P2,
2026/08/25 00:36:12.549, 11, 11969, 16380, 49, 33.55, 2760, 8751, P2,
2026/08/25 00:36:13.634, 39, 11657, 16380, 50, 32.30, 1635, 8751, P2,
2026/08/25 00:36:14.718, 37, 11657, 16380, 50, 39.81, 1635, 8751, P2,
2026/08/25 00:36:15.802, 37, 11657, 16380, 49, 38.62, 1860, 8751, P2,
2026/08/25 00:36:16.891, 36, 11657, 16380, 50, 39.86, 1860, 8751, P2,
2026/08/25 00:36:17.945, 36, 11657, 16380, 50, 40.18, 1740, 8751, P2,
2026/08/25 00:36:19.044, 39, 11657, 16380, 50, 40.00, 1665, 8751, P2,
2026/08/25 00:36:20.148, 38, 11657, 16380, 50, 39.93, 1620, 8751, P2,
2026/08/25 00:36:21.235, 36, 11657, 16380, 50, 39.02, 1920, 8751, P2,
2026/08/25 00:36:22.361, 5, 12123, 16380, 50, 42.72, 2760, 8751, P2,
2026/08/25 00:36:23.472, 5, 12123, 16380, 49, 33.66, 2760, 8751, P2,
2026/08/25 00:36:24.563, 6, 12125, 16380, 48, 29.12, 1980, 8751, P2,
2026/08/25 00:36:25.655, 6, 12133, 16380, 48, 23.34, 1980, 8751, P2,
2026/08/25 00:36:26.750, 6, 12133, 16380, 49, 33.29, 2610, 8751, P2,
2026/08/25 00:36:27.827, 5, 12133, 16380, 49, 29.05, 2610, 8751, P2,
2026/08/25 00:36:28.921, 5, 12133, 16380, 49, 32.52, 2610, 8751, P2,
2026/08/25 00:36:29.995, 5, 12133, 16380, 49, 28.94, 2610, 8751, P2,
2026/08/25 00:36:31.091, 9, 12133, 16380, 48, 30.14, 2235, 8751, P2,
2026/08/25 00:36:32.151, 9, 12133, 16380, 48, 24.43, 825, 5001, P3,
2026/08/25 00:36:33.228, 6, 12133, 16380, 48, 29.32, 1980, 8751, P2,
2026/08/25 00:36:34.291, 6, 12133, 16380, 48, 23.30, 1980, 8751, P2,
2026/08/25 00:36:35.365, 5, 12133, 16380, 49, 32.99, 2610, 8751, P2,
2026/08/25 00:36:36.427, 5, 12133, 16380, 49, 28.93, 2610, 8751, P2,
2026/08/25 00:36:37.517, 5, 12133, 16380, 49, 32.83, 2610, 8751, P2,
2026/08/25 00:36:38.594, 9, 12133, 16380, 48, 28.18, 915, 5001, P3,
2026/08/25 00:36:39.684, 8, 12133, 16380, 49, 33.03, 2610, 8751, P2,
2026/08/25 00:36:40.791, 5, 12133, 16380, 49, 29.08, 2610, 8751, P2,
2026/08/25 00:36:41.867, 8, 12133, 16380, 49, 32.76, 2610, 8751, P2,
2026/08/25 00:36:42.925, 5, 12133, 16380, 49, 29.23, 2610, 8751, P2,
2026/08/25 00:36:44.020, 5, 12133, 16380, 49, 32.78, 2610, 8751, P2,
2026/08/25 00:36:45.142, 9, 12133, 16380, 48, 28.22, 930, 5001, P3,
2026/08/25 00:36:46.248, 5, 12133, 16380, 49, 32.92, 2610, 8751, P2,
2026/08/25 00:36:47.355, 5, 12133, 16380, 49, 29.09, 2610, 8751, P2,
2026/08/25 00:36:48.452, 5, 12133, 16380, 49, 33.25, 2610, 8751, P2,
2026/08/25 00:36:49.546, 5, 12133, 16380, 49, 29.13, 2610, 8751, P2,
2026/08/25 00:36:50.657, 5, 12133, 16380, 49, 33.99, 2610, 8751, P2,
2026/08/25 00:36:51.750, 5, 12133, 16380, 49, 29.18, 2610, 8751, P2,
2026/08/25 00:36:52.861, 6, 12133, 16380, 49, 30.52, 2220, 8751, P2,
2026/08/25 00:36:53.943, 6, 12133, 16380, 49, 24.36, 2220, 8751, P2,
2026/08/25 00:36:55.036, 6, 12133, 16380, 48, 30.08, 2100, 8751, P2,
2026/08/25 00:36:56.146, 29, 12139, 16380, 48, 23.76, 780, 5001, P3,
2026/08/25 00:36:57.244, 39, 12139, 16380, 50, 34.15, 1620, 8751, P2,
2026/08/25 00:36:58.344, 39, 12139, 16380, 49, 40.27, 1620, 8751, P2,
2026/08/25 00:36:59.445, 38, 12139, 16380, 49, 39.51, 1950, 8751, P2,
2026/08/25 00:37:00.525, 36, 12139, 16380, 50, 41.01, 1950, 8751, P2,
2026/08/25 00:37:01.584, 38, 12139, 16380, 49, 40.76, 1845, 8751, P2,
2026/08/25 00:37:02.668, 38, 12139, 16380, 50, 40.78, 1800, 8751, P2,
2026/08/25 00:37:03.755, 39, 12139, 16380, 50, 40.79, 1770, 8751, P2,
2026/08/25 00:37:04.808, 38, 12545, 16380, 50, 40.76, 1755, 8751, P2,
2026/08/25 00:37:05.887, 4, 12619, 16380, 49, 38.61, 2490, 8751, P2,
2026/08/25 00:37:06.974, 5, 12619, 16380, 49, 27.19, 2490, 8751, P2,
2026/08/25 00:37:08.081, 10, 12619, 16380, 48, 28.12, 1440, 5001, P3,
2026/08/25 00:37:09.142, 100, 12619, 16380, 51, 23.63, 1035, 5001, P3,
2026/08/25 00:37:10.261, 4, 12619, 16380, 49, 32.87, 2610, 8751, P2,
2026/08/25 00:37:11.317, 31, 12619, 16380, 48, 28.87, 945, 5001, P3,
2026/08/25 00:37:12.361, 6, 12619, 16380, 49, 29.48, 1710, 8751, P2,
2026/08/25 00:37:13.403, 12, 12619, 16380, 48, 23.17, 1710, 8751, P2,
2026/08/25 00:37:14.441, 11, 12619, 16380, 49, 33.47, 2610, 8751, P2,
2026/08/25 00:37:15.488, 5, 12619, 16380, 49, 29.05, 2610, 8751, P2,
2026/08/25 00:37:16.596, 8, 12619, 16380, 49, 30.11, 2610, 8751, P2,
2026/08/25 00:37:17.717, 100, 12619, 16380, 51, 31.24, 1740, 8751, P2,
2026/08/25 00:37:18.827, 6, 12619, 16380, 48, 29.25, 1740, 8751, P2,
2026/08/25 00:37:19.919, 16, 12619, 16380, 48, 23.35, 765, 5001, P3,
2026/08/25 00:37:21.023, 9, 12619, 16380, 49, 34.15, 2610, 8751, P2,
2026/08/25 00:37:22.146, 22, 12619, 16380, 50, 33.01, 2610, 8751, P2,
2026/08/25 00:37:23.270, 5, 12619, 16380, 49, 29.84, 2610, 8751, P2,
2026/08/25 00:37:24.393, 100, 12619, 16380, 51, 31.65, 1095, 5001, P3,
2026/08/25 00:37:25.502, 5, 12619, 16380, 49, 32.43, 2610, 8751, P2,
2026/08/25 00:37:26.630, 6, 12619, 16380, 48, 32.85, 1950, 8751, P2,
2026/08/25 00:37:27.736, 8, 12619, 16380, 48, 23.33, 1950, 8751, P2,
2026/08/25 00:37:28.860, 5, 12619, 16380, 49, 31.74, 2610, 8751, P2,
2026/08/25 00:37:29.983, 5, 12619, 16380, 49, 29.12, 2610, 8751, P2,
2026/08/25 00:37:31.097, 5, 12619, 16380, 49, 33.30, 2610, 8751, P2,
2026/08/25 00:37:32.206, 11, 12619, 16380, 49, 29.11, 2610, 8751, P2,
2026/08/25 00:37:33.291, 5, 12619, 16380, 49, 33.12, 2610, 8751, P2,
2026/08/25 00:37:34.398, 9, 12619, 16380, 49, 29.12, 2610, 8751, P2,
2026/08/25 00:37:35.501, 6, 12619, 16380, 50, 32.88, 2265, 8751, P2,
2026/08/25 00:37:36.607, 7, 12619, 16380, 48, 24.58, 2265, 8751, P2,
2026/08/25 00:37:37.711, 6, 12619, 16380, 48, 34.26, 2610, 8751, P2,
2026/08/25 00:37:38.822, 5, 12619, 16380, 49, 29.08, 2610, 8751, P2,
2026/08/25 00:37:39.932, 5, 12619, 16380, 49, 33.37, 2610, 8751, P2,
2026/08/25 00:37:41.006, 11, 12619, 16380, 49, 29.36, 2610, 8751, P2,
2026/08/25 00:37:42.098, 5, 12619, 16380, 49, 33.25, 2610, 8751, P2,
2026/08/25 00:37:43.192, 6, 12619, 16380, 48, 29.11, 2610, 8751, P2,
2026/08/25 00:37:44.306, 5, 12619, 16380, 48, 31.52, 2610, 8751, P2,
2026/08/25 00:37:45.399, 5, 12619, 16380, 49, 29.23, 2610, 8751, P2,
2026/08/25 00:37:46.505, 6, 12619, 16380, 49, 33.03, 2220, 8751, P2,
2026/08/25 00:37:47.625, 6, 12619, 16380, 48, 24.60, 2220, 8751, P2,
2026/08/25 00:37:48.735, 6, 12619, 16380, 48, 35.13, 2610, 8751, P2,
2026/08/25 00:37:49.841, 5, 12619, 16380, 49, 29.32, 2610, 8751, P2,
2026/08/25 00:37:50.935, 5, 12619, 16380, 49, 33.75, 2610, 8751, P2,
2026/08/25 00:37:52.043, 5, 12619, 16380, 49, 29.31, 2610, 8751, P2,
2026/08/25 00:37:53.156, 5, 12619, 16380, 49, 33.63, 2610, 8751, P2,
2026/08/25 00:37:54.237, 5, 12619, 16380, 48, 29.29, 2610, 8751, P2,
2026/08/25 00:37:55.350, 6, 12619, 16380, 49, 33.61, 2610, 8751, P2,
2026/08/25 00:37:56.454, 5, 12619, 16380, 48, 29.37, 2610, 8751, P2,
2026/08/25 00:37:57.533, 5, 12619, 16380, 48, 32.98, 2400, 8751, P2,
2026/08/25 00:37:58.627, 5, 12619, 16380, 48, 26.47, 870, 5001, P3,
2026/08/25 00:37:59.726, 6, 12619, 16380, 48, 31.50, 2115, 8751, P2,
2026/08/25 00:38:00.832, 6, 12619, 16380, 48, 23.88, 2115, 8751, P2,
2026/08/25 00:38:01.936, 7, 12619, 16380, 48, 34.78, 2610, 8751, P2,
2026/08/25 00:38:03.031, 5, 12619, 16380, 49, 29.43, 2610, 8751, P2,
2026/08/25 00:38:04.134, 7, 12619, 16380, 49, 35.96, 2610, 8751, P2,
2026/08/25 00:38:05.198, 8, 12619, 16380, 49, 28.99, 960, 5001, P3,
2026/08/25 00:38:06.307, 11, 12619, 16380, 48, 34.04, 2610, 8751, P2,
2026/08/25 00:38:07.367, 5, 12619, 16380, 48, 29.75, 2610, 8751, P2,
2026/08/25 00:38:08.477, 7, 12619, 16380, 49, 34.98, 2685, 8751, P2,
2026/08/25 00:38:09.537, 5, 12619, 16380, 49, 31.69, 2685, 8751, P2,
2026/08/25 00:38:10.583, 8, 12619, 16380, 48, 33.25, 2445, 8751, P2,
2026/08/25 00:38:11.680, 5, 12619, 16380, 49, 27.20, 915, 5001, P3,
2026/08/25 00:38:12.754, 5, 12619, 16380, 49, 36.81, 2610, 8751, P2,
2026/08/25 00:38:13.830, 5, 12619, 16380, 48, 29.74, 1005, 5001, P3,
2026/08/25 00:38:14.919, 7, 12619, 16380, 49, 34.96, 2610, 8751, P2,
2026/08/25 00:38:15.980, 5, 12619, 16380, 49, 29.65, 2610, 8751, P2,
2026/08/25 00:38:17.035, 5, 12619, 16380, 49, 34.41, 2610, 8751, P2,
2026/08/25 00:38:18.079, 8, 12619, 16380, 49, 28.94, 975, 5001, P3,
2026/08/25 00:38:19.138, 7, 12619, 16380, 48, 34.52, 2610, 8751, P2,
2026/08/25 00:38:20.215, 5, 12619, 16380, 48, 29.91, 2610, 8751, P2,
2026/08/25 00:38:21.308, 5, 12619, 16380, 49, 33.92, 2610, 8751, P2,
2026/08/25 00:38:22.413, 8, 12619, 16380, 48, 29.85, 2610, 8751, P2,
2026/08/25 00:38:23.507, 5, 12619, 16380, 49, 34.81, 2610, 8751, P2,
2026/08/25 00:38:24.628, 5, 12619, 16380, 48, 30.02, 975, 5001, P3,
2026/08/25 00:38:25.718, 7, 12619, 16380, 49, 34.54, 2610, 8751, P2,
2026/08/25 00:38:26.812, 12, 12619, 16380, 49, 30.48, 2610, 8751, P2,
2026/08/25 00:38:27.935, 5, 12619, 16380, 49, 34.77, 2610, 8751, P2,
2026/08/25 00:38:29.043, 5, 12619, 16380, 49, 29.92, 2610, 8751, P2,
2026/08/25 00:38:30.164, 6, 12619, 16380, 48, 34.85, 2625, 8751, P2,
2026/08/25 00:38:31.269, 5, 12619, 16380, 48, 30.17, 2625, 8751, P2,
2026/08/25 00:38:32.348, 5, 12619, 16380, 49, 34.90, 2655, 8751, P2,
2026/08/25 00:38:33.473, 8, 12619, 16380, 49, 31.21, 2655, 8751, P2,
2026/08/25 00:38:34.577, 11, 12619, 16380, 49, 35.78, 2610, 8751, P2,
2026/08/25 00:38:35.704, 5, 12619, 16380, 48, 30.22, 990, 5001, P3,
2026/08/25 00:38:36.794, 8, 12619, 16380, 49, 34.82, 2610, 8751, P2,
2026/08/25 00:38:37.904, 8, 12619, 16380, 49, 30.72, 2610, 8751, P2,
2026/08/25 00:38:39.011, 5, 12619, 16380, 49, 35.09, 2610, 8751, P2,
2026/08/25 00:38:40.103, 8, 12619, 16380, 49, 29.48, 990, 5001, P3,
2026/08/25 00:38:41.225, 5, 12619, 16380, 49, 35.37, 2610, 8751, P2,
2026/08/25 00:38:42.339, 8, 12619, 16380, 49, 30.15, 2610, 8751, P2,
2026/08/25 00:38:43.445, 5, 12619, 16380, 51, 35.69, 2610, 8751, P2,
2026/08/25 00:38:44.537, 5, 12619, 16380, 49, 30.26, 2610, 8751, P2,
2026/08/25 00:38:45.644, 5, 12619, 16380, 49, 36.31, 2610, 8751, P2,
2026/08/25 00:38:46.752, 5, 12619, 16380, 48, 30.47, 1020, 5001, P3,
2026/08/25 00:38:47.859, 8, 12619, 16380, 49, 35.51, 2610, 8751, P2,
2026/08/25 00:38:48.948, 9, 12619, 16380, 49, 30.36, 2610, 8751, P2,
2026/08/25 00:38:50.052, 5, 12619, 16380, 50, 36.00, 2610, 8751, P2,
2026/08/25 00:38:51.141, 8, 12619, 16380, 48, 29.79, 1020, 5001, P3,
2026/08/25 00:38:52.265, 5, 12619, 16380, 49, 35.69, 2610, 8751, P2,
2026/08/25 00:38:53.375, 14, 12619, 16380, 49, 30.48, 2610, 8751, P2,
2026/08/25 00:38:54.463, 5, 12619, 16380, 51, 36.01, 2610, 8751, P2,
2026/08/25 00:38:55.570, 5, 12619, 16380, 49, 30.45, 2610, 8751, P2,
2026/08/25 00:38:56.660, 6, 12619, 16380, 49, 36.45, 2610, 8751, P2,
2026/08/25 00:38:57.765, 5, 12619, 16380, 48, 30.60, 960, 5001, P3,
2026/08/25 00:38:58.877, 9, 12619, 16380, 49, 36.08, 2610, 8751, P2,
2026/08/25 00:38:59.984, 5, 12619, 16380, 50, 30.44, 2610, 8751, P2,
2026/08/25 00:39:01.075, 5, 12619, 16380, 49, 36.22, 2610, 8751, P2,
2026/08/25 00:39:02.168, 8, 12619, 16380, 49, 30.02, 975, 5001, P3,
2026/08/25 00:39:03.259, 5, 12619, 16380, 49, 36.06, 2610, 8751, P2,
2026/08/25 00:39:04.349, 10, 12619, 16380, 49, 30.62, 2610, 8751, P2,
2026/08/25 00:39:05.410, 5, 12619, 16380, 53, 36.51, 2610, 8751, P2,
2026/08/25 00:39:06.490, 5, 12619, 16380, 49, 30.62, 2610, 8751, P2,
2026/08/25 00:39:07.587, 5, 12619, 16380, 49, 37.47, 2610, 8751, P2,
2026/08/25 00:39:08.705, 11, 12619, 16380, 48, 30.94, 1035, 5001, P3,
2026/08/25 00:39:09.826, 9, 12619, 16380, 49, 36.79, 2610, 8751, P2,
2026/08/25 00:39:10.931, 5, 12619, 16380, 49, 30.79, 2610, 8751, P2,
2026/08/25 00:39:12.037, 5, 12619, 16380, 49, 36.62, 2610, 8751, P2,
2026/08/25 00:39:13.097, 8, 12619, 16380, 48, 30.26, 1020, 5001, P3,
2026/08/25 00:39:14.189, 5, 12619, 16380, 49, 36.51, 2610, 8751, P2,
2026/08/25 00:39:15.299, 14, 12619, 16380, 49, 30.88, 2610, 8751, P2,
2026/08/25 00:39:16.409, 5, 12619, 16380, 49, 37.09, 2610, 8751, P2,
2026/08/25 00:39:17.528, 5, 12619, 16380, 49, 30.84, 2610, 8751, P2,
2026/08/25 00:39:18.634, 5, 12619, 16380, 49, 37.55, 2610, 8751, P2,
2026/08/25 00:39:19.714, 11, 12619, 16380, 48, 31.08, 1050, 5001, P3,
2026/08/25 00:39:20.776, 10, 12619, 16380, 49, 36.83, 2610, 8751, P2,
2026/08/25 00:39:21.828, 5, 12619, 16380, 49, 30.93, 2610, 8751, P2,
2026/08/25 00:39:22.868, 5, 12619, 16380, 49, 37.04, 2610, 8751, P2,
2026/08/25 00:39:23.908, 5, 12619, 16380, 49, 31.03, 2610, 8751, P2,
2026/08/25 00:39:24.987, 53, 12619, 16380, 49, 31.03, 1770, 8751, P2,
2026/08/25 00:39:26.078, 38, 12619, 16380, 50, 40.69, 1920, 8751, P2,
2026/08/25 00:39:27.159, 41, 12619, 16380, 50, 42.21, 2175, 8751, P2,
2026/08/25 00:39:28.245, 40, 12619, 16380, 51, 43.28, 2235, 8751, P2,
2026/08/25 00:39:29.335, 40, 12619, 16380, 50, 44.41, 2295, 8751, P2,
2026/08/25 00:39:30.417, 41, 12619, 16380, 50, 45.72, 2325, 8751, P2,
2026/08/25 00:39:31.523, 38, 12619, 16380, 51, 46.37, 2370, 8751, P2,
2026/08/25 00:39:32.612, 40, 12619, 16380, 51, 48.61, 2475, 8751, P2,
2026/08/25 00:39:33.667, 0, 11347, 16380, 49, 44.57, 2505, 8751, P2,
2026/08/25 00:39:34.712, 0, 2793, 16380, 49, 25.55, 2610, 8751, P2,
2026/08/25 00:39:35.755, 0, 2793, 16380, 49, 26.41, 2610, 8751, P2,
2026/08/25 00:39:36.811, 0, 11267, 16380, 49, 29.83, 2760, 8751, P2,
2026/08/25 00:39:37.851, 0, 11267, 16380, 49, 31.74, 2760, 8751, P2,
2026/08/25 00:39:38.896, 13, 11267, 16380, 49, 28.99, 2610, 8751, P2,
2026/08/25 00:39:39.937, 31, 11267, 16380, 49, 28.73, 2610, 8751, P2,
2026/08/25 00:39:40.974, 25, 11267, 16380, 49, 28.73, 2610, 8751, P2,
2026/08/25 00:39:42.082, 10, 11957, 16380, 49, 26.37, 1740, 8751, P2,
2026/08/25 00:39:43.190, 4, 11961, 16380, 49, 33.42, 2760, 8751, P2,
2026/08/25 00:39:44.272, 47, 11651, 16380, 49, 29.09, 870, 5001, P3,
2026/08/25 00:39:45.360, 42, 11651, 16380, 49, 31.43, 1605, 5001, P3,
2026/08/25 00:39:46.446, 37, 11651, 16380, 50, 36.42, 1680, 8751, P2,
2026/08/25 00:39:47.529, 44, 11651, 16380, 50, 36.22, 1515, 5001, P3,
2026/08/25 00:39:48.610, 34, 11651, 16380, 50, 37.31, 1635, 8751, P2,
2026/08/25 00:39:49.678, 32, 11651, 16380, 50, 36.62, 1770, 8751, P2,
2026/08/25 00:39:50.765, 33, 11651, 16380, 50, 37.24, 1770, 8751, P2,
2026/08/25 00:39:51.847, 31, 11651, 16380, 50, 36.21, 1725, 8751, P2,
2026/08/25 00:39:52.933, 33, 11651, 16380, 50, 37.37, 1725, 8751, P2,
2026/08/25 00:39:54.033, 34, 11651, 16380, 50, 36.30, 1860, 8751, P2,
2026/08/25 00:39:55.112, 8, 12117, 16380, 50, 39.47, 2760, 8751, P2,
2026/08/25 00:39:56.234, 7, 12117, 16380, 50, 33.70, 2760, 8751, P2,
2026/08/25 00:39:57.332, 5, 12119, 16380, 49, 32.81, 1770, 8751, P2,
2026/08/25 00:39:58.420, 6, 12127, 16380, 49, 23.05, 1770, 8751, P2,
2026/08/25 00:39:59.536, 6, 12127, 16380, 49, 28.26, 1995, 8751, P2,
2026/08/25 00:40:00.633, 6, 12127, 16380, 48, 23.23, 1995, 8751, P2,
2026/08/25 00:40:01.727, 5, 12127, 16380, 49, 31.73, 2610, 8751, P2,
2026/08/25 00:40:02.822, 5, 12127, 16380, 49, 28.78, 2610, 8751, P2,
2026/08/25 00:40:03.922, 5, 12127, 16380, 49, 33.28, 2610, 8751, P2,
2026/08/25 00:40:05.030, 5, 12127, 16380, 49, 28.60, 2610, 8751, P2,
2026/08/25 00:40:06.132, 5, 12127, 16380, 49, 29.76, 1785, 8751, P2,
2026/08/25 00:40:07.238, 6, 12127, 16380, 49, 22.84, 1785, 8751, P2,
2026/08/25 00:40:08.342, 5, 12127, 16380, 49, 30.07, 2610, 8751, P2,
2026/08/25 00:40:09.455, 5, 12127, 16380, 49, 28.55, 2610, 8751, P2,
2026/08/25 00:40:10.580, 100, 12127, 16380, 51, 31.56, 885, 5001, P2,
2026/08/25 00:40:11.655, 5, 12127, 16380, 49, 28.87, 2610, 8751, P2,
2026/08/25 00:40:12.714, 7, 12127, 16380, 49, 30.53, 1950, 8751, P2,
2026/08/25 00:40:13.792, 8, 12127, 16380, 48, 23.02, 1950, 8751, P2,
2026/08/25 00:40:14.898, 100, 12127, 16380, 50, 25.41, 660, 5001, P3,
2026/08/25 00:40:16.001, 5, 12127, 16380, 49, 33.52, 2610, 8751, P2,
2026/08/25 00:40:17.094, 9, 12127, 16380, 48, 28.15, 930, 5001, P3,
2026/08/25 00:40:18.203, 6, 12127, 16380, 48, 22.78, 1995, 8751, P2,
2026/08/25 00:40:19.265, 83, 12127, 16380, 49, 24.20, 885, 5001, P3,
2026/08/25 00:40:20.355, 5, 12127, 16380, 49, 33.84, 2610, 8751, P2,
2026/08/25 00:40:21.417, 5, 12127, 16380, 49, 28.98, 885, 5001, P3,
2026/08/25 00:40:22.523, 5, 12127, 16380, 49, 34.03, 2610, 8751, P2,
2026/08/25 00:40:23.631, 34, 12127, 16380, 48, 27.09, 900, 5001, P3,
2026/08/25 00:40:24.707, 6, 12127, 16380, 48, 29.38, 2010, 8751, P2,
2026/08/25 00:40:25.752, 6, 12127, 16380, 48, 23.43, 2010, 8751, P2,
2026/08/25 00:40:26.793, 5, 12127, 16380, 49, 32.17, 2610, 8751, P2,
2026/08/25 00:40:27.832, 5, 12127, 16380, 49, 29.17, 2610, 8751, P2,
2026/08/25 00:40:28.945, 5, 12127, 16380, 49, 34.26, 2610, 8751, P2,
2026/08/25 00:40:30.062, 5, 12127, 16380, 49, 28.84, 2610, 8751, P2,
2026/08/25 00:40:31.176, 44, 12131, 16380, 49, 27.65, 1335, 5001, P3,
2026/08/25 00:40:32.246, 33, 12131, 16380, 49, 34.47, 1710, 8751, P2,
2026/08/25 00:40:33.316, 37, 12131, 16380, 49, 37.50, 1725, 8751, P2,
2026/08/25 00:40:34.399, 36, 12131, 16380, 50, 37.54, 1725, 8751, P2,
2026/08/25 00:40:35.469, 32, 12131, 16380, 49, 36.44, 1800, 8751, P2,
2026/08/25 00:40:36.555, 32, 12131, 16380, 49, 37.36, 1800, 8751, P2,
2026/08/25 00:40:37.637, 37, 12131, 16380, 49, 37.17, 1620, 8751, P2,
2026/08/25 00:40:38.707, 32, 12131, 16380, 49, 36.12, 1800, 8751, P2,
2026/08/25 00:40:39.796, 35, 12131, 16380, 50, 37.16, 1800, 8751, P2,
2026/08/25 00:40:40.883, 37, 12131, 16380, 49, 36.58, 1860, 8751, P2,
2026/08/25 00:40:41.963, 5, 12611, 16380, 49, 41.12, 2760, 8751, P2,
2026/08/25 00:40:43.082, 4, 12611, 16380, 49, 33.09, 2760, 8751, P2,
2026/08/25 00:40:44.193, 5, 12611, 16380, 49, 32.87, 2610, 8751, P2,
2026/08/25 00:40:45.294, 10, 12611, 16380, 49, 28.91, 2610, 8751, P2,
2026/08/25 00:40:46.404, 5, 12611, 16380, 49, 32.51, 2610, 8751, P2,
2026/08/25 00:40:47.494, 5, 12611, 16380, 49, 28.78, 2610, 8751, P2,
2026/08/25 00:40:48.585, 5, 12611, 16380, 49, 32.68, 2610, 8751, P2,
2026/08/25 00:40:49.642, 5, 12611, 16380, 49, 28.76, 2610, 8751, P2,
2026/08/25 00:40:50.755, 5, 12611, 16380, 49, 33.15, 2610, 8751, P2,
2026/08/25 00:40:51.861, 5, 12611, 16380, 49, 28.78, 2610, 8751, P2,
2026/08/25 00:40:52.971, 5, 12611, 16380, 49, 33.16, 2610, 8751, P2,
2026/08/25 00:40:54.063, 5, 12611, 16380, 49, 28.84, 2610, 8751, P2,
2026/08/25 00:40:55.168, 5, 12611, 16380, 49, 33.23, 2610, 8751, P2,
2026/08/25 00:40:56.274, 5, 12611, 16380, 49, 28.88, 2610, 8751, P2,
2026/08/25 00:40:57.381, 5, 12611, 16380, 49, 33.45, 2610, 8751, P2,
2026/08/25 00:40:58.510, 8, 12611, 16380, 49, 28.89, 2610, 8751, P2,
2026/08/25 00:40:59.610, 5, 12611, 16380, 49, 33.56, 2610, 8751, P2,
2026/08/25 00:41:00.686, 9, 12611, 16380, 49, 28.73, 2610, 8751, P2,
2026/08/25 00:41:01.814, 6, 12611, 16380, 49, 29.82, 1995, 8751, P2,
2026/08/25 00:41:02.908, 6, 12611, 16380, 48, 23.35, 1995, 8751, P2,
2026/08/25 00:41:04.037, 34, 12611, 16380, 50, 30.04, 2610, 8751, P2,
2026/08/25 00:41:05.158, 5, 12611, 16380, 49, 29.02, 2610, 8751, P2,
2026/08/25 00:41:06.279, 5, 12611, 16380, 49, 33.57, 2610, 8751, P2,
2026/08/25 00:41:07.371, 7, 12611, 16380, 49, 29.09, 2610, 8751, P2,
2026/08/25 00:41:08.478, 5, 12611, 16380, 49, 34.41, 2610, 8751, P2,
2026/08/25 00:41:09.578, 5, 12611, 16380, 49, 28.96, 2610, 8751, P2,
2026/08/25 00:41:10.671, 5, 12611, 16380, 49, 33.87, 2610, 8751, P2,
2026/08/25 00:41:11.779, 5, 12611, 16380, 49, 29.20, 2610, 8751, P2,
2026/08/25 00:41:12.892, 5, 12611, 16380, 49, 34.01, 2610, 8751, P2,
2026/08/25 00:41:13.977, 10, 12611, 16380, 49, 28.93, 2610, 8751, P2,
2026/08/25 00:41:15.070, 89, 12611, 16380, 49, 33.22, 1650, 8751, P2,
2026/08/25 00:41:16.196, 6, 12611, 16380, 48, 23.30, 1935, 8751, P2,
2026/08/25 00:41:17.293, 5, 12611, 16380, 49, 31.02, 2610, 8751, P2,
2026/08/25 00:41:18.399, 5, 12611, 16380, 49, 28.95, 2610, 8751, P2,
2026/08/25 00:41:19.520, 100, 12611, 16380, 52, 32.03, 2610, 8751, P2,
2026/08/25 00:41:20.639, 5, 12611, 16380, 49, 29.36, 2610, 8751, P2,
2026/08/25 00:41:21.758, 5, 12611, 16380, 49, 34.15, 2610, 8751, P2,
2026/08/25 00:41:22.860, 5, 12611, 16380, 49, 29.08, 2610, 8751, P2,
2026/08/25 00:41:23.969, 88, 12611, 16380, 49, 33.51, 1695, 8751, P2,
2026/08/25 00:41:25.095, 6, 12611, 16380, 48, 27.66, 1995, 8751, P2,
2026/08/25 00:41:26.209, 6, 12611, 16380, 49, 31.14, 2610, 8751, P2,
2026/08/25 00:41:27.327, 5, 12611, 16380, 49, 29.41, 2610, 8751, P2,
2026/08/25 00:41:28.438, 100, 12611, 16380, 55, 31.23, 2445, 8751, P2,
2026/08/25 00:41:29.533, 6, 12611, 16380, 49, 34.00, 2610, 8751, P2,
2026/08/25 00:41:30.577, 8, 12611, 16380, 49, 27.74, 885, 5001, P3,
2026/08/25 00:41:31.616, 5, 12611, 16380, 49, 35.38, 2610, 8751, P2,
2026/08/25 00:41:32.659, 100, 12611, 16380, 49, 32.89, 1605, 5001, P3,
2026/08/25 00:41:33.721, 9, 12611, 16380, 48, 27.66, 2145, 8751, P2,
2026/08/25 00:41:34.768, 10, 12611, 16380, 48, 23.74, 765, 5001, P3,
2026/08/25 00:41:35.859, 5, 12611, 16380, 49, 34.14, 2610, 8751, P2,
2026/08/25 00:41:36.967, 6, 12611, 16380, 48, 29.53, 2610, 8751, P2,
2026/08/25 00:41:38.042, 5, 12611, 16380, 49, 34.93, 2610, 8751, P2,
2026/08/25 00:41:39.149, 8, 12611, 16380, 48, 27.84, 930, 5001, P3,
2026/08/25 00:41:40.228, 5, 12611, 16380, 49, 35.72, 2610, 8751, P2,
2026/08/25 00:41:41.351, 11, 12611, 16380, 48, 29.49, 1005, 5001, P3,
2026/08/25 00:41:42.461, 6, 12611, 16380, 49, 30.60, 2220, 8751, P2,
2026/08/25 00:41:43.554, 6, 12611, 16380, 48, 24.56, 2220, 8751, P2,
2026/08/25 00:41:44.679, 5, 12611, 16380, 49, 34.33, 2610, 8751, P2,
2026/08/25 00:41:45.768, 7, 12611, 16380, 49, 29.57, 2610, 8751, P2,
2026/08/25 00:41:46.896, 5, 12611, 16380, 48, 35.09, 2610, 8751, P2,
2026/08/25 00:41:47.973, 5, 12611, 16380, 49, 29.45, 2610, 8751, P2,
2026/08/25 00:41:49.054, 7, 12611, 16380, 48, 32.35, 2400, 8751, P2,
2026/08/25 00:41:50.145, 7, 12611, 16380, 48, 26.31, 2400, 8751, P2,
2026/08/25 00:41:51.240, 5, 12611, 16380, 48, 33.41, 2610, 8751, P2,
2026/08/25 00:41:52.339, 5, 12611, 16380, 48, 29.66, 2610, 8751, P2,
2026/08/25 00:41:53.447, 7, 12611, 16380, 49, 35.44, 2610, 8751, P2,
2026/08/25 00:41:54.554, 5, 12611, 16380, 49, 29.54, 2610, 8751, P2,
2026/08/25 00:41:55.658, 6, 12611, 16380, 48, 32.39, 2235, 8751, P2,
2026/08/25 00:41:56.786, 6, 12611, 16380, 49, 24.91, 2235, 8751, P2,
2026/08/25 00:41:57.870, 7, 12611, 16380, 49, 32.03, 2610, 8751, P2,
2026/08/25 00:41:58.965, 5, 12611, 16380, 49, 29.63, 2610, 8751, P2,
2026/08/25 00:42:00.057, 100, 12611, 16380, 51, 31.36, 945, 5001, P3,
2026/08/25 00:42:01.154, 6, 12611, 16380, 49, 29.88, 2610, 8751, P2,
2026/08/25 00:42:02.263, 7, 12611, 16380, 49, 36.42, 2520, 8751, P2,
2026/08/25 00:42:03.373, 5, 12611, 16380, 48, 28.58, 2520, 8751, P2,
2026/08/25 00:42:04.450, 100, 12611, 16380, 52, 30.28, 1620, 8751, P2,
2026/08/25 00:42:05.527, 5, 12611, 16380, 49, 32.76, 2310, 8751, P2,
2026/08/25 00:42:06.631, 19, 12611, 16380, 49, 32.09, 2610, 8751, P2,
2026/08/25 00:42:07.726, 11, 12611, 16380, 49, 30.67, 2610, 8751, P2,
2026/08/25 00:42:08.836, 85, 12611, 16380, 50, 29.24, 855, 5001, P3,
2026/08/25 00:42:09.942, 5, 12611, 16380, 48, 37.27, 2610, 8751, P2,
2026/08/25 00:42:11.026, 8, 12611, 16380, 48, 29.24, 1020, 5001, P3,
2026/08/25 00:42:12.133, 5, 12611, 16380, 48, 27.55, 2445, 8751, P2,
2026/08/25 00:42:13.180, 79, 12611, 16380, 51, 27.76, 1080, 5001, P3,
2026/08/25 00:42:14.262, 5, 12611, 16380, 49, 37.18, 2685, 8751, P2,
2026/08/25 00:42:15.341, 5, 12611, 16380, 49, 32.23, 915, 5001, P3,
2026/08/25 00:42:16.446, 8, 12611, 16380, 49, 36.52, 2610, 8751, P2,
2026/08/25 00:42:17.530, 5, 12611, 16380, 49, 29.84, 2610, 8751, P2,
2026/08/25 00:42:18.640, 5, 12611, 16380, 48, 33.30, 2460, 8751, P2,
2026/08/25 00:42:19.763, 5, 12611, 16380, 48, 27.40, 2460, 8751, P2,
2026/08/25 00:42:20.880, 5, 12611, 16380, 48, 34.76, 2610, 8751, P2,
2026/08/25 00:42:21.983, 5, 12611, 16380, 48, 30.19, 2610, 8751, P2,
2026/08/25 00:42:23.091, 5, 12611, 16380, 49, 36.56, 2610, 8751, P2,
2026/08/25 00:42:24.217, 5, 12611, 16380, 48, 30.28, 1035, 5001, P3,
2026/08/25 00:42:25.327, 5, 12611, 16380, 50, 32.85, 2355, 8751, P2,
2026/08/25 00:42:26.402, 5, 12611, 16380, 48, 26.13, 2355, 8751, P2,
2026/08/25 00:42:27.498, 8, 12611, 16380, 49, 34.02, 2610, 8751, P2,
2026/08/25 00:42:28.621, 10, 12611, 16380, 49, 30.32, 2610, 8751, P2,
2026/08/25 00:42:29.707, 5, 12611, 16380, 49, 37.30, 2640, 8751, P2,
2026/08/25 00:42:30.807, 5, 12611, 16380, 49, 30.99, 2640, 8751, P2,
2026/08/25 00:42:31.877, 5, 12611, 16380, 49, 36.61, 2730, 8751, P2,
2026/08/25 00:42:32.971, 5, 12611, 16380, 49, 33.30, 2730, 8751, P2,
2026/08/25 00:42:34.081, 100, 12611, 16380, 51, 35.47, 945, 5001, P3,
2026/08/25 00:42:35.158, 9, 12611, 16380, 49, 30.25, 2610, 8751, P2,
2026/08/25 00:42:36.199, 9, 12611, 16380, 49, 34.41, 2325, 8751, P2,
2026/08/25 00:42:37.243, 6, 12611, 16380, 48, 26.14, 2325, 8751, P2,
2026/08/25 00:42:38.287, 100, 12611, 16380, 51, 29.11, 990, 5001, P3,
2026/08/25 00:42:39.397, 5, 12611, 16380, 49, 35.80, 2610, 8751, P2,
2026/08/25 00:42:40.457, 8, 12611, 16380, 48, 29.67, 990, 5001, P3,
2026/08/25 00:42:41.541, 9, 12611, 16380, 50, 33.26, 2385, 8751, P2,
2026/08/25 00:42:42.614, 5, 12611, 16380, 48, 27.11, 2385, 8751, P2,
2026/08/25 00:42:43.663, 5, 12611, 16380, 50, 36.68, 2610, 8751, P2,
2026/08/25 00:42:44.756, 5, 12611, 16380, 49, 30.53, 2610, 8751, P3,
2026/08/25 00:42:45.867, 9, 12611, 16380, 49, 38.79, 2760, 8751, P2,
2026/08/25 00:42:46.986, 5, 12611, 16380, 49, 35.10, 2760, 8751, P2,
2026/08/25 00:42:48.101, 5, 12611, 16380, 49, 39.35, 2535, 8751, P2,
2026/08/25 00:42:49.224, 5, 12611, 16380, 49, 29.52, 2535, 8751, P2,
2026/08/25 00:42:50.314, 5, 12611, 16380, 49, 35.71, 2610, 8751, P2,
2026/08/25 00:42:51.425, 5, 12611, 16380, 49, 30.88, 2610, 8751, P2,
2026/08/25 00:42:52.520, 5, 12611, 16380, 49, 37.83, 2625, 8751, P2,
2026/08/25 00:42:53.642, 11, 12611, 16380, 49, 30.62, 2625, 8751, P2,
2026/08/25 00:42:54.749, 5, 12611, 16380, 49, 37.32, 2625, 8751, P2,
2026/08/25 00:42:55.854, 5, 12611, 16380, 49, 30.94, 2625, 8751, P2,
2026/08/25 00:42:56.970, 9, 12611, 16380, 50, 37.08, 2610, 8751, P2,
2026/08/25 00:42:58.067, 5, 12611, 16380, 49, 30.72, 2610, 8751, P2,
2026/08/25 00:42:59.175, 5, 12611, 16380, 49, 39.17, 2745, 8751, P2,
2026/08/25 00:43:00.269, 5, 12611, 16380, 50, 35.08, 2745, 8751, P2,
2026/08/25 00:43:01.375, 9, 12611, 16380, 49, 39.38, 2760, 8751, P2,
2026/08/25 00:43:02.485, 5, 12611, 16380, 50, 35.35, 2760, 8751, P2,
2026/08/25 00:43:03.561, 100, 12611, 16380, 52, 36.52, 1065, 5001, P3,
2026/08/25 00:43:04.685, 5, 12611, 16380, 49, 32.68, 2670, 8751, P2,
2026/08/25 00:43:05.783, 48, 12611, 16380, 49, 29.65, 1335, 5001, P3,
2026/08/25 00:43:06.876, 40, 12611, 16380, 49, 36.73, 1665, 8751, P2,
2026/08/25 00:43:07.959, 36, 12611, 16380, 49, 38.52, 1665, 8751, P2,
2026/08/25 00:43:09.052, 37, 12611, 16380, 49, 38.04, 1605, 5001, P3,
2026/08/25 00:43:10.144, 35, 12611, 16380, 50, 37.64, 1920, 8751, P2,
2026/08/25 00:43:11.236, 44, 12611, 16380, 49, 39.41, 1830, 8751, P2,
2026/08/25 00:43:12.319, 40, 12611, 16380, 49, 39.26, 1845, 8751, P2,
2026/08/25 00:43:13.392, 35, 12611, 16380, 50, 39.35, 1830, 8751, P2,
2026/08/25 00:43:14.435, 39, 12611, 16380, 50, 39.33, 1875, 8751, P2,
2026/08/25 00:43:15.486, 36, 12611, 16380, 50, 39.23, 1875, 8751, P2,
2026/08/25 00:43:16.539, 35, 11339, 16380, 50, 38.59, 1785, 8751, P2,
2026/08/25 00:43:17.581, 1, 2793, 16380, 48, 21.40, 2610, 8751, P2,
2026/08/25 00:43:18.620, 0, 13451, 16380, 49, 25.59, 2610, 8751, P2,
2026/08/25 00:43:19.658, 0, 13451, 16380, 49, 31.97, 2760, 8751, P2,
2026/08/25 00:43:20.699, 28, 13451, 16380, 49, 31.29, 2610, 8751, P2,
2026/08/25 00:43:21.746, 27, 13451, 16380, 49, 28.74, 2610, 8751, P2,
2026/08/25 00:43:22.791, 25, 13451, 16380, 49, 28.71, 2610, 8751, P2,
2026/08/25 00:43:23.841, 10, 14109, 16380, 49, 28.69, 2610, 8751, P2,
2026/08/25 00:43:24.933, 4, 14147, 16380, 49, 44.21, 2745, 8751, P2,
2026/08/25 00:43:26.031, 44, 13839, 16380, 53, 41.26, 2745, 8751, P2,
2026/08/25 00:43:27.119, 44, 13839, 16380, 53, 66.61, 2745, 8751, P2,
2026/08/25 00:43:28.209, 45, 13839, 16380, 54, 67.10, 2745, 8751, P2,
2026/08/25 00:43:29.300, 45, 13839, 16380, 54, 67.17, 2745, 8751, P2,
2026/08/25 00:43:30.379, 44, 13839, 16380, 53, 67.28, 2745, 8751, P2,
2026/08/25 00:43:31.454, 44, 13839, 16380, 54, 67.23, 2745, 8751, P2,
2026/08/25 00:43:32.555, 44, 14231, 16380, 54, 67.05, 2745, 8751, P2,
2026/08/25 00:43:33.650, 8, 14231, 16380, 51, 34.17, 2745, 8751, P2,
2026/08/25 00:43:34.724, 10, 14235, 16380, 51, 48.90, 2745, 8751, P2,
2026/08/25 00:43:35.835, 4, 14237, 16380, 51, 48.88, 2745, 8751, P2,
2026/08/25 00:43:36.940, 12, 14239, 16380, 51, 34.31, 2745, 8751, P2,
2026/08/25 00:43:38.065, 6, 14239, 16380, 51, 49.27, 2745, 8751, P2,
2026/08/25 00:43:39.174, 5, 14239, 16380, 51, 49.71, 2745, 8751, P2,
2026/08/25 00:43:40.247, 10, 14241, 16380, 51, 49.39, 2745, 8751, P2,
2026/08/25 00:43:41.299, 100, 14241, 16380, 63, 47.27, 2730, 8751, P2,
2026/08/25 00:43:42.342, 8, 14241, 16380, 51, 48.21, 2745, 8751, P2,
2026/08/25 00:43:43.388, 5, 14243, 16380, 53, 49.93, 2745, 8751, P2,
2026/08/25 00:43:44.450, 68, 14243, 16380, 65, 49.78, 2745, 8751, P2,
2026/08/25 00:43:45.526, 6, 14245, 16380, 50, 34.96, 1905, 8751, P2,
2026/08/25 00:43:46.624, 5, 14245, 16380, 51, 38.61, 2745, 8751, P2,
2026/08/25 00:43:47.733, 5, 14245, 16380, 52, 49.95, 2745, 8751, P2,
2026/08/25 00:43:48.827, 53, 14247, 16380, 65, 50.12, 2745, 8751, P2,
2026/08/25 00:43:49.920, 5, 14247, 16380, 51, 40.92, 2745, 8751, P2,
2026/08/25 00:43:51.023, 5, 14247, 16380, 51, 50.75, 2745, 8751, P2,
2026/08/25 00:43:52.115, 15, 14249, 16380, 52, 50.34, 2730, 8751, P2,
2026/08/25 00:43:53.213, 5, 14249, 16380, 52, 52.06, 2745, 8751, P2,
2026/08/25 00:43:54.323, 5, 14249, 16380, 51, 34.52, 2745, 8751, P2,
2026/08/25 00:43:55.399, 8, 14251, 16380, 51, 48.47, 2265, 8751, P2,
2026/08/25 00:43:56.454, 50, 14257, 16380, 52, 29.65, 1860, 8751, P2,
2026/08/25 00:43:57.514, 41, 14257, 16380, 55, 57.24, 2745, 8751, P2,
2026/08/25 00:43:58.599, 47, 14257, 16380, 55, 68.81, 2745, 8751, P2,
2026/08/25 00:43:59.686, 44, 14257, 16380, 56, 69.15, 2745, 8751, P2,
2026/08/25 00:44:00.774, 43, 14257, 16380, 56, 68.83, 2745, 8751, P2,
2026/08/25 00:44:01.862, 41, 14257, 16380, 56, 68.90, 2745, 8751, P2,
2026/08/25 00:44:02.934, 46, 13767, 16380, 55, 69.23, 2745, 8751, P2,
2026/08/25 00:44:04.043, 10, 14495, 16380, 53, 64.57, 2745, 8751, P2,
2026/08/25 00:44:05.148, 94, 14497, 16380, 56, 49.30, 2730, 8751, P2,
2026/08/25 00:44:06.277, 26, 14497, 16380, 54, 49.10, 2730, 8751, P2,
2026/08/25 00:44:07.383, 5, 14499, 16380, 52, 37.82, 2745, 8751, P2,
2026/08/25 00:44:08.443, 5, 14499, 16380, 51, 46.99, 2175, 8751, P2,
2026/08/25 00:44:09.539, 15, 14499, 16380, 52, 33.21, 2745, 8751, P2,
2026/08/25 00:44:10.639, 5, 14501, 16380, 52, 34.63, 2745, 8751, P2,
2026/08/25 00:44:11.729, 5, 14501, 16380, 52, 34.36, 2745, 8751, P2,
2026/08/25 00:44:12.843, 5, 14501, 16380, 53, 49.85, 2745, 8751, P2,
2026/08/25 00:44:13.936, 5, 14503, 16380, 54, 50.06, 2745, 8751, P2,
2026/08/25 00:44:15.042, 5, 14503, 16380, 52, 34.45, 2745, 8751, P2,
2026/08/25 00:44:16.131, 5, 14503, 16380, 53, 50.32, 2745, 8751, P2,
2026/08/25 00:44:17.242, 8, 14505, 16380, 52, 50.26, 2745, 8751, P2,
2026/08/25 00:44:18.352, 5, 14505, 16380, 53, 50.54, 2745, 8751, P2,
2026/08/25 00:44:19.460, 15, 14507, 16380, 64, 35.41, 2745, 8751, P2,
2026/08/25 00:44:20.570, 5, 14507, 16380, 53, 50.69, 2745, 8751, P2,
2026/08/25 00:44:21.665, 5, 14507, 16380, 52, 51.03, 2745, 8751, P2,
2026/08/25 00:44:22.753, 7, 14509, 16380, 53, 50.83, 2745, 8751, P2,
2026/08/25 00:44:23.878, 92, 14509, 16380, 56, 51.03, 2730, 8751, P2,
2026/08/25 00:44:24.984, 6, 14511, 16380, 53, 46.12, 2745, 8751, P2,
2026/08/25 00:44:26.091, 10, 14511, 16380, 53, 51.08, 2745, 8751, P2,
2026/08/25 00:44:27.198, 5, 14511, 16380, 56, 51.46, 2745, 8751, P2,
2026/08/25 00:44:28.292, 22, 14513, 16380, 54, 52.75, 2745, 8751, P2,
2026/08/25 00:44:29.374, 5, 14513, 16380, 53, 38.14, 2745, 8751, P2,
2026/08/25 00:44:30.465, 7, 14513, 16380, 53, 51.33, 2745, 8751, P2,
2026/08/25 00:44:31.575, 5, 14515, 16380, 54, 51.74, 2745, 8751, P2,
2026/08/25 00:44:32.667, 8, 14515, 16380, 53, 51.92, 2745, 8751, P2,
2026/08/25 00:44:33.775, 5, 14517, 16380, 54, 35.41, 2745, 8751, P2,
2026/08/25 00:44:34.867, 5, 14517, 16380, 52, 49.42, 2145, 8751, P2,
2026/08/25 00:44:35.928, 5, 14517, 16380, 53, 37.08, 2745, 8751, P2,
2026/08/25 00:44:37.022, 5, 14519, 16380, 54, 35.22, 2745, 8751, P2,
2026/08/25 00:44:38.113, 5, 14519, 16380, 53, 52.35, 2745, 8751, P2,
2026/08/25 00:44:39.235, 5, 14519, 16380, 55, 52.64, 2745, 8751, P2,
2026/08/25 00:44:40.359, 7, 14521, 16380, 53, 52.68, 2745, 8751, P2,
2026/08/25 00:44:41.465, 5, 14521, 16380, 54, 35.42, 2745, 8751, P2,
2026/08/25 00:44:42.543, 5, 14521, 16380, 53, 52.87, 2745, 8751, P2,
2026/08/25 00:44:43.650, 7, 14523, 16380, 54, 52.65, 2745, 8751, P2,
2026/08/25 00:44:44.712, 7, 14523, 16380, 54, 52.61, 2745, 8751, P2,
2026/08/25 00:44:45.754, 8, 14525, 16380, 63, 35.43, 2745, 8751, P2,
2026/08/25 00:44:46.798, 5, 14525, 16380, 55, 53.12, 2745, 8751, P2,
2026/08/25 00:44:47.856, 5, 14525, 16380, 54, 52.96, 2745, 8751, P2,
2026/08/25 00:44:48.920, 57, 14527, 16380, 66, 41.41, 2730, 8751, P2,
2026/08/25 00:44:50.013, 5, 14527, 16380, 53, 53.44, 2745, 8751, P2,
2026/08/25 00:44:51.116, 5, 14527, 16380, 55, 53.44, 2745, 8751, P2,
2026/08/25 00:44:52.224, 5, 14529, 16380, 54, 53.48, 2745, 8751, P2,
2026/08/25 00:44:53.330, 96, 14529, 16380, 68, 50.42, 2730, 8751, P2,
2026/08/25 00:44:54.440, 5, 14529, 16380, 54, 52.14, 2745, 8751, P2,
2026/08/25 00:44:55.560, 5, 14531, 16380, 54, 53.65, 2745, 8751, P2,
2026/08/25 00:44:56.663, 5, 14531, 16380, 55, 54.17, 2745, 8751, P2,
2026/08/25 00:44:57.773, 77, 14533, 16380, 56, 54.01, 2730, 8751, P2,
2026/08/25 00:44:58.863, 8, 14533, 16380, 54, 44.30, 2745, 8751, P2,
2026/08/25 00:44:59.958, 10, 14533, 16380, 54, 54.05, 2745, 8751, P2,
2026/08/25 00:45:01.067, 60, 14535, 16380, 56, 54.23, 2745, 8751, P2,
2026/08/25 00:45:02.175, 86, 14535, 16380, 57, 54.78, 2730, 8751, P2,
2026/08/25 00:45:03.272, 8, 14535, 16380, 54, 46.82, 2745, 8751, P2,
2026/08/25 00:45:04.364, 5, 14537, 16380, 54, 54.40, 2745, 8751, P2,
2026/08/25 00:45:05.463, 57, 14537, 16380, 56, 54.55, 2745, 8751, P2,
2026/08/25 00:45:06.524, 8, 14539, 16380, 54, 43.18, 2745, 8751, P2,
2026/08/25 00:45:07.618, 5, 14539, 16380, 54, 54.83, 2745, 8751, P2,
2026/08/25 00:45:08.714, 5, 14539, 16380, 54, 54.90, 2745, 8751, P2,
2026/08/25 00:45:09.808, 32, 14541, 16380, 56, 54.82, 2745, 8751, P2,
2026/08/25 00:45:10.868, 14, 14541, 16380, 54, 40.86, 2745, 8751, P2,
2026/08/25 00:45:11.958, 5, 14541, 16380, 54, 54.95, 2745, 8751, P2,
2026/08/25 00:45:13.050, 22, 14543, 16380, 56, 55.37, 2745, 8751, P2,
2026/08/25 00:45:14.158, 7, 14543, 16380, 54, 39.70, 2745, 8751, P2,
2026/08/25 00:45:15.216, 9, 14543, 16380, 54, 39.17, 2745, 8751, P2,
2026/08/25 00:45:16.311, 5, 14545, 16380, 54, 55.66, 2745, 8751, P2,
2026/08/25 00:45:17.401, 45, 14545, 16380, 58, 57.12, 2745, 8751, P2,
2026/08/25 00:45:18.466, 9, 14547, 16380, 55, 42.40, 2745, 8751, P2,
2026/08/25 00:45:19.543, 11, 14547, 16380, 55, 55.63, 2745, 8751, P2,
2026/08/25 00:45:20.650, 60, 14547, 16380, 57, 56.16, 2745, 8751, P2,
2026/08/25 00:45:21.773, 69, 14549, 16380, 57, 56.03, 2745, 8751, P2,
2026/08/25 00:45:22.866, 9, 14549, 16380, 56, 45.55, 2745, 8751, P2,
2026/08/25 00:45:23.971, 5, 14549, 16380, 55, 55.87, 2745, 8751, P2,
2026/08/25 00:45:25.080, 67, 14551, 16380, 57, 56.42, 2730, 8751, P2,
2026/08/25 00:45:26.192, 69, 14551, 16380, 57, 56.52, 2745, 8751, P2,
2026/08/25 00:45:27.285, 9, 14551, 16380, 56, 45.30, 2745, 8751, P2,
2026/08/25 00:45:28.376, 5, 14553, 16380, 55, 56.51, 2745, 8751, P2,
2026/08/25 00:45:29.466, 70, 14553, 16380, 57, 56.72, 2745, 8751, P2,
2026/08/25 00:45:30.527, 10, 14555, 16380, 56, 44.70, 2745, 8751, P2,
2026/08/25 00:45:31.569, 7, 14555, 16380, 55, 56.75, 2745, 8751, P2,
2026/08/25 00:45:32.647, 91, 14555, 16380, 58, 56.78, 2745, 8751, P2,
2026/08/25 00:45:33.768, 100, 14557, 16380, 60, 55.99, 2730, 8751, P2,
2026/08/25 00:45:34.879, 10, 14557, 16380, 55, 50.06, 2745, 8751, P2,
2026/08/25 00:45:36.008, 5, 14557, 16380, 55, 56.63, 2745, 8751, P2,
2026/08/25 00:45:37.111, 100, 14559, 16380, 60, 55.14, 2730, 8751, P2,
2026/08/25 00:45:38.210, 52, 14559, 16380, 59, 42.22, 2745, 8751, P2,
2026/08/25 00:45:39.293, 52, 14559, 16380, 59, 73.61, 2745, 8751, P2,
2026/08/25 00:45:40.397, 52, 14559, 16380, 58, 73.91, 2745, 8751, P2,
2026/08/25 00:45:41.499, 52, 14559, 16380, 59, 73.93, 2745, 8751, P2,
2026/08/25 00:45:42.588, 52, 14559, 16380, 60, 73.50, 2745, 8751, P2,
2026/08/25 00:45:43.676, 52, 14559, 16380, 60, 74.22, 2745, 8751, P2,
2026/08/25 00:45:44.764, 52, 14559, 16380, 59, 74.35, 2745, 8751, P2,
2026/08/25 00:45:45.853, 52, 14559, 16380, 59, 74.48, 2745, 8751, P2,
2026/08/25 00:45:46.913, 23, 5845, 16380, 57, 72.34, 2745, 8751, P2,
2026/08/25 00:45:47.957, 0, 2793, 16380, 56, 32.71, 2745, 8751, P2,
2026/08/25 00:45:49.014, 0, 10729, 16380, 55, 30.58, 2610, 8751, P2,
2026/08/25 00:45:50.065, 0, 11267, 16380, 56, 33.38, 2745, 8751, P2,
2026/08/25 00:45:51.105, 0, 11267, 16380, 56, 34.07, 2745, 8751, P2,
2026/08/25 00:45:52.150, 32, 11267, 16380, 55, 30.70, 2610, 8751, P2,
2026/08/25 00:45:53.196, 28, 11267, 16380, 55, 30.05, 2610, 8751, P2,
2026/08/25 00:45:54.270, 13, 11891, 16380, 54, 29.13, 1875, 8751, P2,
2026/08/25 00:45:55.392, 7, 11965, 16380, 54, 29.80, 1470, 5001, P3,
2026/08/25 00:45:56.470, 10, 11405, 16380, 54, 19.65, 1020, 5001, P3,
2026/08/25 00:45:57.549, 44, 11657, 16380, 55, 27.95, 1245, 5001, P3,
2026/08/25 00:45:58.627, 37, 11657, 16380, 56, 38.82, 1770, 8751, P2,
2026/08/25 00:45:59.737, 37, 11657, 16380, 55, 40.17, 1650, 8751, P2,
2026/08/25 00:46:00.837, 36, 11657, 16380, 55, 38.97, 1890, 8751, P2,
2026/08/25 00:46:01.919, 38, 11657, 16380, 56, 40.55, 1890, 8751, P2,
2026/08/25 00:46:03.013, 37, 11657, 16380, 55, 40.92, 1800, 8751, P2,
2026/08/25 00:46:04.123, 37, 11657, 16380, 55, 40.78, 1740, 8751, P2,
2026/08/25 00:46:05.193, 31, 12059, 16380, 55, 40.47, 1680, 8751, P2,
2026/08/25 00:46:06.286, 5, 12123, 16380, 55, 41.84, 2745, 8751, P2,
2026/08/25 00:46:07.384, 5, 12123, 16380, 56, 34.91, 2745, 8751, P2,
2026/08/25 00:46:08.458, 6, 12125, 16380, 54, 30.90, 2025, 8751, P2,
2026/08/25 00:46:09.524, 6, 12133, 16380, 54, 24.15, 2025, 8751, P2,
2026/08/25 00:46:10.614, 5, 12133, 16380, 56, 34.05, 2610, 8751, P2,
2026/08/25 00:46:11.664, 10, 12133, 16380, 55, 30.29, 2610, 8751, P2,
2026/08/25 00:46:12.772, 5, 12133, 16380, 54, 34.39, 2610, 8751, P2,
2026/08/25 00:46:13.832, 9, 12133, 16380, 54, 29.44, 900, 5001, P3,
2026/08/25 00:46:14.908, 5, 12133, 16380, 55, 33.96, 2610, 8751, P2,
2026/08/25 00:46:15.965, 5, 12133, 16380, 54, 30.34, 2610, 8751, P2,
2026/08/25 00:46:17.073, 6, 12133, 16380, 54, 31.27, 1995, 8751, P2,
2026/08/25 00:46:18.135, 5, 12133, 16380, 54, 24.11, 1995, 8751, P2,
2026/08/25 00:46:19.226, 5, 12133, 16380, 54, 35.16, 2610, 8751, P2,
2026/08/25 00:46:20.288, 16, 12133, 16380, 53, 28.93, 900, 5001, P3,
2026/08/25 00:46:21.363, 11, 12133, 16380, 54, 34.89, 2610, 8751, P2,
2026/08/25 00:46:22.457, 5, 12133, 16380, 54, 30.30, 885, 5001, P3,
2026/08/25 00:46:23.551, 5, 12133, 16380, 55, 34.39, 2610, 8751, P2,
2026/08/25 00:46:24.643, 5, 12166, 16380, 54, 30.39, 2610, 8751, P2,
2026/08/25 00:46:25.751, 5, 12166, 16380, 54, 35.20, 2610, 8751, P2,
2026/08/25 00:46:26.833, 9, 12166, 16380, 53, 29.45, 885, 5001, P3,
2026/08/25 00:46:27.927, 10, 12166, 16380, 54, 34.10, 2610, 8751, P2,
2026/08/25 00:46:29.006, 5, 12166, 16380, 54, 30.60, 2610, 8751, P2,
2026/08/25 00:46:30.113, 5, 12166, 16380, 54, 34.08, 2610, 8751, P2,
2026/08/25 00:46:31.205, 74, 12166, 16380, 54, 30.51, 1050, 5001, P3,
2026/08/25 00:46:32.296, 5, 12166, 16380, 54, 35.07, 2610, 8751, P2,
2026/08/25 00:46:33.385, 5, 12166, 16380, 54, 30.27, 915, 5001, P3,
2026/08/25 00:46:34.471, 5, 12166, 16380, 54, 34.14, 2610, 8751, P2,
2026/08/25 00:46:35.565, 5, 12166, 16380, 53, 30.31, 2610, 8751, P2,
2026/08/25 00:46:36.654, 6, 12166, 16380, 53, 32.34, 2280, 8751, P2,
2026/08/25 00:46:37.743, 24, 12166, 16380, 53, 25.48, 840, 5001, P3,
2026/08/25 00:46:38.832, 11, 12166, 16380, 53, 30.61, 2100, 8751, P2,
2026/08/25 00:46:39.927, 6, 12172, 16380, 53, 24.44, 2100, 8751, P2,
2026/08/25 00:46:41.010, 53, 12172, 16380, 53, 31.41, 1575, 5001, P3,
2026/08/25 00:46:42.108, 38, 12172, 16380, 55, 40.43, 1935, 8751, P2,
2026/08/25 00:46:43.218, 38, 12172, 16380, 54, 41.91, 1860, 8751, P2,
2026/08/25 00:46:44.290, 38, 12172, 16380, 54, 41.64, 1830, 8751, P2,
2026/08/25 00:46:45.375, 38, 12172, 16380, 54, 41.53, 1785, 8751, P2,
2026/08/25 00:46:46.477, 38, 12172, 16380, 54, 41.32, 1755, 8751, P2,
2026/08/25 00:46:47.572, 39, 12172, 16380, 54, 41.39, 1725, 8751, P2,
2026/08/25 00:46:48.624, 39, 12590, 16380, 54, 41.28, 1710, 8751, P2,
2026/08/25 00:46:49.720, 8, 12652, 16380, 53, 35.28, 2385, 8751, P2,
2026/08/25 00:46:50.797, 9, 12652, 16380, 53, 25.73, 945, 5001, P3,
2026/08/25 00:46:51.872, 5, 12652, 16380, 53, 33.17, 2610, 8751, P2,
2026/08/25 00:46:52.930, 5, 12652, 16380, 53, 29.98, 2610, 8751, P2,
2026/08/25 00:46:53.992, 5, 12652, 16380, 53, 35.38, 2610, 8751, P2,
2026/08/25 00:46:55.034, 5, 12652, 16380, 53, 30.07, 2610, 8751, P2,
2026/08/25 00:46:56.084, 5, 12652, 16380, 53, 30.71, 2160, 8751, P2,
2026/08/25 00:46:57.131, 8, 12652, 16380, 53, 24.30, 2160, 8751, P2,
2026/08/25 00:46:58.200, 10, 12652, 16380, 53, 35.08, 2610, 8751, P2,
2026/08/25 00:46:59.249, 37, 12652, 16380, 52, 29.20, 945, 5001, P3,
2026/08/25 00:47:00.325, 5, 12652, 16380, 53, 34.29, 2610, 8751, P2,
2026/08/25 00:47:01.410, 5, 12652, 16380, 53, 29.65, 840, 5001, P3,
2026/08/25 00:47:02.489, 5, 12652, 16380, 53, 34.00, 2610, 8751, P2,
2026/08/25 00:47:03.585, 5, 12652, 16380, 53, 29.96, 2610, 8751, P2,
2026/08/25 00:47:04.675, 5, 12652, 16380, 53, 33.78, 2610, 8751, P2,
2026/08/25 00:47:05.770, 9, 12652, 16380, 53, 29.13, 900, 5001, P3,
2026/08/25 00:47:06.872, 5, 12652, 16380, 53, 33.83, 2610, 8751, P2,
2026/08/25 00:47:07.961, 5, 12652, 16380, 53, 29.94, 2610, 8751, P2,
2026/08/25 00:47:09.038, 9, 12652, 16380, 52, 31.02, 2130, 8751, P2,
2026/08/25 00:47:10.102, 5, 12652, 16380, 52, 24.20, 2130, 8751, P2,
2026/08/25 00:47:11.194, 7, 12652, 16380, 53, 35.62, 2610, 8751, P2,
2026/08/25 00:47:12.249, 47, 12652, 16380, 55, 29.72, 960, 5001, P3,
2026/08/25 00:47:13.340, 5, 12652, 16380, 52, 34.69, 2610, 8751, P2,
2026/08/25 00:47:14.404, 5, 12652, 16380, 52, 29.99, 915, 5001, P3,
2026/08/25 00:47:15.499, 5, 12652, 16380, 53, 33.95, 2610, 8751, P2,
2026/08/25 00:47:16.558, 5, 12652, 16380, 53, 30.13, 2610, 8751, P2,
2026/08/25 00:47:17.650, 6, 12652, 16380, 52, 32.74, 1920, 8751, P2,
2026/08/25 00:47:18.701, 100, 12652, 16380, 54, 26.71, 795, 5001, P3,
2026/08/25 00:47:19.763, 10, 12652, 16380, 52, 35.80, 2610, 8751, P2,
2026/08/25 00:47:20.807, 9, 12652, 16380, 52, 29.54, 930, 5001, P3,
2026/08/25 00:47:21.882, 5, 12652, 16380, 52, 34.12, 2610, 8751, P2,
2026/08/25 00:47:22.981, 5, 12652, 16380, 53, 30.21, 2610, 8751, P2,
2026/08/25 00:47:24.040, 6, 12652, 16380, 53, 34.21, 2610, 8751, P2,
2026/08/25 00:47:25.117, 5, 12652, 16380, 52, 30.24, 2610, 8751, P2,
2026/08/25 00:47:26.191, 7, 12652, 16380, 52, 30.26, 1920, 8751, P2,
2026/08/25 00:47:27.270, 17, 12652, 16380, 53, 23.26, 735, 5001, P3,
2026/08/25 00:47:28.347, 5, 12652, 16380, 52, 35.64, 2610, 8751, P2,
2026/08/25 00:47:29.423, 5, 12652, 16380, 52, 30.44, 990, 5001, P3,
2026/08/25 00:47:30.529, 10, 12652, 16380, 52, 34.29, 2610, 8751, P2,
2026/08/25 00:47:31.592, 6, 12652, 16380, 52, 30.54, 2610, 8751, P2,
2026/08/25 00:47:32.682, 5, 12652, 16380, 52, 34.31, 2610, 8751, P2,
2026/08/25 00:47:33.745, 15, 12652, 16380, 54, 29.81, 945, 5001, P3,
2026/08/25 00:47:34.824, 11, 12652, 16380, 52, 30.82, 2190, 8751, P2,
2026/08/25 00:47:35.888, 6, 12652, 16380, 51, 24.78, 2190, 8751, P2,
2026/08/25 00:47:36.980, 5, 12652, 16380, 53, 36.15, 2610, 8751, P2,
2026/08/25 00:47:38.039, 6, 12652, 16380, 52, 30.29, 2610, 8751, P2,
2026/08/25 00:47:39.131, 5, 12652, 16380, 53, 34.77, 2610, 8751, P2,
2026/08/25 00:47:40.193, 56, 12652, 16380, 54, 29.77, 945, 5001, P3,
2026/08/25 00:47:41.284, 5, 12652, 16380, 52, 35.65, 2610, 8751, P2,
2026/08/25 00:47:42.360, 5, 12652, 16380, 52, 30.38, 930, 5001, P3,
2026/08/25 00:47:43.440, 5, 12652, 16380, 52, 34.67, 2610, 8751, P2,
2026/08/25 00:47:44.546, 6, 12652, 16380, 52, 30.40, 2610, 8751, P2,
2026/08/25 00:47:45.620, 5, 12652, 16380, 52, 34.74, 2610, 8751, P2,
2026/08/25 00:47:46.676, 5, 12652, 16380, 52, 30.42, 2610, 8751, P2,
2026/08/25 00:47:47.766, 6, 12652, 16380, 51, 31.94, 2145, 8751, P2,
2026/08/25 00:47:48.854, 6, 12652, 16380, 51, 24.49, 2145, 8751, P2,
2026/08/25 00:47:49.942, 5, 12652, 16380, 52, 36.12, 2610, 8751, P2,
2026/08/25 00:47:51.017, 12, 12652, 16380, 52, 30.51, 2610, 8751, P2,
2026/08/25 00:47:52.111, 5, 12652, 16380, 52, 35.13, 2610, 8751, P2,
2026/08/25 00:47:53.187, 11, 12652, 16380, 52, 30.54, 2610, 8751, P2,
2026/08/25 00:47:54.280, 5, 12652, 16380, 52, 35.73, 2610, 8751, P2,
2026/08/25 00:47:55.355, 5, 12652, 16380, 51, 30.51, 945, 5001, P3,
2026/08/25 00:47:56.447, 5, 12652, 16380, 52, 34.88, 2610, 8751, P2,
2026/08/25 00:47:57.524, 7, 12652, 16380, 52, 30.48, 2610, 8751, P2,
2026/08/25 00:47:58.617, 8, 12652, 16380, 51, 33.89, 2145, 8751, P2,
2026/08/25 00:47:59.679, 6, 12652, 16380, 51, 24.77, 2145, 8751, P2,
2026/08/25 00:48:00.721, 5, 12652, 16380, 52, 37.82, 2610, 8751, P2,
2026/08/25 00:48:01.765, 11, 12652, 16380, 51, 29.76, 1020, 5001, P3,
2026/08/25 00:48:02.806, 5, 12652, 16380, 52, 35.68, 2610, 8751, P2,
2026/08/25 00:48:03.913, 11, 12652, 16380, 52, 30.81, 2610, 8751, P2,
2026/08/25 00:48:05.017, 5, 12652, 16380, 52, 35.40, 2610, 8751, P2,
2026/08/25 00:48:06.123, 7, 12652, 16380, 52, 30.61, 2610, 8751, P2,
2026/08/25 00:48:07.229, 7, 12652, 16380, 51, 36.38, 2610, 8751, P2,
2026/08/25 00:48:08.338, 5, 12652, 16380, 52, 30.82, 975, 5001, P3,
2026/08/25 00:48:09.416, 10, 12652, 16380, 52, 35.19, 2610, 8751, P2,
2026/08/25 00:48:10.508, 7, 12652, 16380, 52, 31.24, 2610, 8751, P2,
2026/08/25 00:48:11.622, 5, 12652, 16380, 52, 36.71, 2745, 8751, P2,
2026/08/25 00:48:12.714, 19, 12652, 16380, 53, 34.33, 930, 5001, P3,
2026/08/25 00:48:13.808, 5, 12652, 16380, 52, 35.47, 2565, 8751, P2,
2026/08/25 00:48:14.898, 5, 12652, 16380, 51, 30.86, 2565, 8751, P2,
2026/08/25 00:48:15.981, 6, 12652, 16380, 51, 34.39, 2310, 8751, P2,
2026/08/25 00:48:17.026, 12, 12652, 16380, 51, 26.25, 2310, 8751, P2,
2026/08/25 00:48:18.117, 5, 12652, 16380, 51, 36.92, 2610, 8751, P2,
2026/08/25 00:48:19.194, 5, 12652, 16380, 51, 30.82, 2610, 8751, P2,
2026/08/25 00:48:20.269, 5, 12652, 16380, 51, 36.86, 2610, 8751, P2,
2026/08/25 00:48:21.382, 5, 12652, 16380, 51, 30.92, 1005, 5001, P3,
2026/08/25 00:48:22.471, 8, 12652, 16380, 52, 35.87, 2610, 8751, P2,
2026/08/25 00:48:23.580, 13, 12652, 16380, 52, 31.40, 2610, 8751, P2,
2026/08/25 00:48:24.662, 5, 12652, 16380, 52, 36.20, 2610, 8751, P2,
2026/08/25 00:48:25.755, 8, 12652, 16380, 52, 30.28, 990, 5001, P3,
2026/08/25 00:48:26.850, 5, 12652, 16380, 51, 35.89, 2610, 8751, P2,
2026/08/25 00:48:27.952, 5, 12652, 16380, 51, 31.26, 2610, 8751, P2,
2026/08/25 00:48:29.032, 5, 12652, 16380, 52, 35.62, 2610, 8751, P2,
2026/08/25 00:48:30.127, 5, 12652, 16380, 51, 31.04, 2610, 8751, P2,
2026/08/25 00:48:31.234, 5, 12652, 16380, 51, 36.90, 2610, 8751, P2,
2026/08/25 00:48:32.337, 5, 12652, 16380, 51, 31.20, 960, 5001, P3,
2026/08/25 00:48:33.451, 8, 12652, 16380, 52, 36.35, 2610, 8751, P2,
2026/08/25 00:48:34.545, 5, 12652, 16380, 52, 31.09, 2610, 8751, P2,
2026/08/25 00:48:35.637, 5, 12652, 16380, 52, 36.24, 2610, 8751, P2,
2026/08/25 00:48:36.748, 8, 12652, 16380, 50, 30.37, 945, 5001, P3,
2026/08/25 00:48:37.876, 5, 12652, 16380, 51, 36.26, 2610, 8751, P2,
2026/08/25 00:48:38.983, 9, 12652, 16380, 51, 31.03, 2610, 8751, P2,
2026/08/25 00:48:40.061, 5, 12652, 16380, 53, 36.61, 2610, 8751, P2,
2026/08/25 00:48:41.149, 5, 12652, 16380, 51, 31.09, 2610, 8751, P2,
2026/08/25 00:48:42.273, 5, 12652, 16380, 51, 37.51, 2610, 8751, P2,
2026/08/25 00:48:43.361, 6, 12652, 16380, 51, 31.27, 1035, 5001, P3,
2026/08/25 00:48:44.440, 9, 12652, 16380, 52, 36.74, 2610, 8751, P2,
2026/08/25 00:48:45.547, 8, 12652, 16380, 52, 31.11, 2610, 8751, P2,
2026/08/25 00:48:46.659, 5, 12652, 16380, 51, 36.75, 2610, 8751, P2,
2026/08/25 00:48:47.762, 8, 12652, 16380, 50, 30.73, 1035, 5001, P3,
2026/08/25 00:48:48.840, 5, 12652, 16380, 51, 37.55, 2610, 8751, P2,
2026/08/25 00:48:49.917, 8, 12652, 16380, 51, 31.46, 2610, 8751, P2,
2026/08/25 00:48:51.025, 9, 12652, 16380, 54, 37.02, 2610, 8751, P2,
2026/08/25 00:48:52.114, 5, 12652, 16380, 51, 31.29, 2610, 8751, P2,
2026/08/25 00:48:53.212, 5, 12652, 16380, 52, 37.87, 2610, 8751, P2,
2026/08/25 00:48:54.306, 8, 12652, 16380, 51, 30.74, 1050, 5001, P3,
2026/08/25 00:48:55.405, 5, 12652, 16380, 52, 36.97, 2610, 8751, P2,
2026/08/25 00:48:56.508, 14, 12652, 16380, 52, 31.60, 2610, 8751, P2,
2026/08/25 00:48:57.602, 5, 12652, 16380, 53, 37.28, 2610, 8751, P2,
2026/08/25 00:48:58.708, 5, 12652, 16380, 52, 31.40, 2610, 8751, P2,
2026/08/25 00:48:59.793, 5, 12652, 16380, 52, 38.26, 2610, 8751, P2,
2026/08/25 00:49:00.898, 8, 12652, 16380, 51, 31.40, 2610, 8751, P2,
2026/08/25 00:49:02.002, 10, 12652, 16380, 51, 37.69, 2610, 8751, P2,
2026/08/25 00:49:03.109, 5, 12652, 16380, 51, 31.49, 2610, 8751, P2,
2026/08/25 00:49:04.167, 5, 12652, 16380, 51, 37.75, 2610, 8751, P2,
2026/08/25 00:49:05.218, 13, 12652, 16380, 51, 30.95, 1020, 5001, P3,
2026/08/25 00:49:06.261, 5, 12652, 16380, 51, 37.47, 2610, 8751, P2,
2026/08/25 00:49:07.301, 10, 12652, 16380, 52, 31.65, 2610, 8751, P2,
2026/08/25 00:49:08.360, 42, 12652, 16380, 52, 34.55, 1830, 8751, P2,
2026/08/25 00:49:09.449, 39, 12652, 16380, 52, 41.94, 2010, 8751, P2,
2026/08/25 00:49:10.554, 41, 12652, 16380, 52, 42.94, 2205, 8751, P2,
2026/08/25 00:49:11.637, 40, 12652, 16380, 52, 44.75, 2265, 8751, P2,
2026/08/25 00:49:12.734, 37, 12652, 16380, 54, 46.76, 2385, 8751, P2,
2026/08/25 00:49:13.830, 40, 12652, 16380, 53, 48.99, 2460, 8751, P2,
2026/08/25 00:49:14.942, 40, 12652, 16380, 53, 50.58, 2535, 8751, P2,
2026/08/25 00:49:16.041, 36, 12652, 16380, 55, 52.82, 2580, 8751, P2,
2026/08/25 00:49:17.096, 7, 11380, 16380, 53, 52.25, 2610, 8751, P2,
2026/08/25 00:49:18.139, 0, 2826, 16380, 51, 27.80, 2610, 8751, P2,
2026/08/25 00:49:19.184, 0, 8330, 16380, 51, 27.20, 2610, 8751, P2,
2026/08/25 00:49:20.239, 0, 11300, 16380, 52, 32.50, 2745, 8751, P2,
2026/08/25 00:49:21.287, 0, 11300, 16380, 52, 30.81, 2745, 8751, P2,
2026/08/25 00:49:22.334, 31, 11300, 16380, 51, 29.47, 2610, 8751, P2,
2026/08/25 00:49:23.370, 32, 11300, 16380, 51, 29.37, 2610, 8751, P2,
2026/08/25 00:49:24.411, 20, 11864, 16380, 51, 28.51, 2055, 8751, P2,
2026/08/25 00:49:25.509, 3, 11998, 16380, 52, 33.29, 2745, 8751, P2,
2026/08/25 00:49:26.602, 7, 12002, 16380, 52, 34.02, 2745, 8751, P2,
2026/08/25 00:49:27.685, 51, 11690, 16380, 51, 31.07, 1065, 5001, P3,
2026/08/25 00:49:28.784, 37, 11690, 16380, 52, 39.41, 1755, 8751, P2,
2026/08/25 00:49:29.858, 37, 11690, 16380, 52, 39.96, 1620, 8751, P2,
2026/08/25 00:49:30.949, 36, 11690, 16380, 52, 38.88, 1875, 8751, P2,
2026/08/25 00:49:32.047, 36, 11690, 16380, 52, 40.28, 1875, 8751, P2,
2026/08/25 00:49:33.149, 37, 11690, 16380, 52, 40.18, 1695, 8751, P2,
2026/08/25 00:49:34.246, 37, 11690, 16380, 52, 39.87, 1620, 8751, P2,
2026/08/25 00:49:35.332, 36, 11690, 16380, 52, 39.02, 1875, 8751, P2,
2026/08/25 00:49:36.400, 6, 12156, 16380, 51, 41.53, 2295, 8751, P2,
2026/08/25 00:49:37.480, 4, 12156, 16380, 51, 24.95, 2295, 8751, P2,
2026/08/25 00:49:38.588, 6, 12158, 16380, 51, 32.03, 1875, 8751, P2,
2026/08/25 00:49:39.709, 5, 12166, 16380, 51, 23.33, 1875, 8751, P2,
2026/08/25 00:49:40.821, 5, 12166, 16380, 51, 33.01, 2610, 8751, P2,
2026/08/25 00:49:41.918, 4, 12166, 16380, 51, 29.24, 2610, 8751, P2,
2026/08/25 00:49:43.014, 6, 12166, 16380, 51, 30.78, 2145, 8751, P2,
2026/08/25 00:49:44.103, 7, 12166, 16380, 51, 23.69, 2145, 8751, P2,
2026/08/25 00:49:45.215, 5, 12166, 16380, 51, 33.13, 2610, 8751, P2,
2026/08/25 00:49:46.309, 15, 12166, 16380, 51, 28.60, 975, 5001, P3,
2026/08/25 00:49:47.400, 9, 12166, 16380, 51, 33.40, 2610, 8751, P2,
2026/08/25 00:49:48.496, 5, 12166, 16380, 51, 29.51, 2610, 8751, P2,
2026/08/25 00:49:49.599, 5, 12166, 16380, 51, 33.03, 2610, 8751, P2,
2026/08/25 00:49:50.693, 5, 12166, 16380, 51, 29.42, 2610, 8751, P2,
2026/08/25 00:49:51.787, 8, 12166, 16380, 51, 30.04, 2190, 8751, P2,
2026/08/25 00:49:52.880, 11, 12166, 16380, 51, 24.15, 810, 5001, P3,
2026/08/25 00:49:53.976, 6, 12166, 16380, 51, 29.80, 2145, 8751, P2,
2026/08/25 00:49:55.059, 5, 12166, 16380, 50, 23.90, 2145, 8751, P2,
2026/08/25 00:49:56.141, 6, 12166, 16380, 50, 29.57, 1965, 8751, P2,
2026/08/25 00:49:57.234, 64, 12166, 16380, 51, 24.64, 720, 5001, P3,
2026/08/25 00:49:58.339, 5, 12166, 16380, 51, 35.77, 2610, 8751, P2,
2026/08/25 00:49:59.398, 12, 12166, 16380, 50, 28.68, 975, 5001, P3,
2026/08/25 00:50:00.508, 5, 12166, 16380, 51, 33.50, 2610, 8751, P2,
2026/08/25 00:50:01.584, 5, 12166, 16380, 51, 29.46, 2610, 8751, P2,
2026/08/25 00:50:02.692, 5, 12166, 16380, 51, 33.72, 2610, 8751, P2,
2026/08/25 00:50:03.765, 44, 12166, 16380, 50, 28.76, 885, 5001, P3,
2026/08/25 00:50:04.847, 10, 12166, 16380, 51, 34.31, 2610, 8751, P2,
2026/08/25 00:50:05.921, 5, 12166, 16380, 51, 29.76, 930, 5001, P3,
2026/08/25 00:50:07.004, 6, 12166, 16380, 51, 33.43, 2610, 8751, P2,
2026/08/25 00:50:08.063, 11, 12166, 16380, 51, 29.85, 2610, 8751, P2,
2026/08/25 00:50:09.106, 5, 12166, 16380, 51, 33.77, 2610, 8751, P2,
2026/08/25 00:50:10.153, 5, 12166, 16380, 51, 29.56, 2610, 8751, P2,
2026/08/25 00:50:11.190, 46, 12172, 16380, 51, 29.50, 1350, 5001, P3,
2026/08/25 00:50:12.242, 36, 12172, 16380, 52, 39.59, 1650, 8751, P2,
2026/08/25 00:50:13.314, 37, 12172, 16380, 51, 38.69, 1845, 8751, P2,
2026/08/25 00:50:14.381, 37, 12172, 16380, 51, 40.11, 1845, 8751, P2,
2026/08/25 00:50:15.469, 38, 12172, 16380, 51, 40.04, 1725, 8751, P2,
2026/08/25 00:50:16.558, 34, 12172, 16380, 52, 39.65, 1665, 8751, P2,
2026/08/25 00:50:17.658, 44, 12172, 16380, 51, 38.92, 1605, 5001, P3,
2026/08/25 00:50:18.751, 37, 12172, 16380, 52, 40.74, 1935, 8751, P2,
2026/08/25 00:50:19.835, 16, 12652, 16380, 51, 43.46, 2745, 8751, P2,
2026/08/25 00:50:20.946, 5, 12652, 16380, 51, 33.60, 2745, 8751, P2,
2026/08/25 00:50:22.049, 100, 12652, 16380, 52, 38.24, 2535, 8751, P2,
2026/08/25 00:50:23.134, 5, 12652, 16380, 51, 32.51, 2640, 8751, P2,
2026/08/25 00:50:24.263, 6, 12652, 16380, 50, 31.45, 1875, 8751, P2,
2026/08/25 00:50:25.358, 6, 12652, 16380, 50, 23.30, 1875, 8751, P2,
2026/08/25 00:50:26.483, 5, 12652, 16380, 51, 31.35, 2610, 8751, P2,
2026/08/25 00:50:27.592, 5, 12652, 16380, 51, 29.10, 2610, 8751, P2,
2026/08/25 00:50:28.684, 6, 12652, 16380, 50, 33.35, 1800, 8751, P2,
2026/08/25 00:50:29.789, 6, 12652, 16380, 50, 23.20, 720, 5001, P3,
2026/08/25 00:50:30.886, 5, 12652, 16380, 51, 32.47, 2610, 8751, P2,
2026/08/25 00:50:31.994, 10, 12652, 16380, 51, 29.31, 2610, 8751, P2,
2026/08/25 00:50:33.106, 5, 12652, 16380, 51, 33.00, 2610, 8751, P2,
2026/08/25 00:50:34.216, 5, 12652, 16380, 50, 29.20, 2610, 8751, P2,
2026/08/25 00:50:35.329, 9, 12652, 16380, 50, 29.82, 2205, 8751, P2,
2026/08/25 00:50:36.407, 6, 12652, 16380, 50, 24.39, 2205, 8751, P2,
2026/08/25 00:50:37.481, 6, 12652, 16380, 50, 29.78, 2055, 8751, P2,
2026/08/25 00:50:38.589, 6, 12652, 16380, 50, 23.66, 2055, 8751, P2,
2026/08/25 00:50:39.684, 5, 12652, 16380, 50, 33.44, 2610, 8751, P2,
2026/08/25 00:50:40.758, 36, 12652, 16380, 52, 28.68, 945, 5001, P3,
2026/08/25 00:50:41.852, 5, 12652, 16380, 50, 34.18, 2610, 8751, P2,
2026/08/25 00:50:42.911, 5, 12652, 16380, 50, 29.35, 915, 5001, P3,
2026/08/25 00:50:44.016, 5, 12652, 16380, 51, 33.16, 2610, 8751, P2,
2026/08/25 00:50:45.079, 11, 12652, 16380, 50, 29.45, 2610, 8751, P2,
2026/08/25 00:50:46.172, 6, 12652, 16380, 50, 32.39, 1890, 8751, P2,
2026/08/25 00:50:47.235, 6, 12652, 16380, 50, 23.53, 1890, 8751, P2,
2026/08/25 00:50:48.328, 6, 12652, 16380, 50, 35.30, 2610, 8751, P2,
2026/08/25 00:50:49.402, 9, 12652, 16380, 50, 28.73, 930, 5001, P3,
2026/08/25 00:50:50.492, 5, 12652, 16380, 50, 33.45, 2610, 8751, P2,
2026/08/25 00:50:51.566, 5, 12652, 16380, 50, 29.55, 2610, 8751, P2,
2026/08/25 00:50:52.642, 12, 12652, 16380, 50, 30.83, 2040, 8751, P2,
2026/08/25 00:50:53.689, 6, 12652, 16380, 50, 23.97, 2040, 8751, P2,
2026/08/25 00:50:54.780, 6, 12652, 16380, 50, 35.38, 2610, 8751, P2,
2026/08/25 00:50:55.841, 8, 12652, 16380, 50, 27.91, 915, 5001, P3,
2026/08/25 00:50:56.933, 5, 12652, 16380, 50, 35.06, 2610, 8751, P2,
2026/08/25 00:50:57.996, 8, 12652, 16380, 50, 29.85, 975, 5001, P3,
2026/08/25 00:50:59.083, 6, 12652, 16380, 51, 33.89, 2610, 8751, P2,
2026/08/25 00:51:00.179, 1, 12652, 16380, 50, 29.46, 2610, 8751, P2,
2026/08/25 00:51:01.291, 11, 12652, 16380, 50, 30.02, 2160, 8751, P2,
2026/08/25 00:51:02.385, 6, 12652, 16380, 50, 24.27, 2160, 8751, P2,
2026/08/25 00:51:03.497, 5, 12652, 16380, 51, 35.52, 2610, 8751, P2,
2026/08/25 00:51:04.558, 6, 12652, 16380, 50, 29.75, 2610, 8751, P2,
2026/08/25 00:51:05.647, 5, 12652, 16380, 51, 34.14, 2610, 8751, P2,
2026/08/25 00:51:06.738, 5, 12652, 16380, 50, 29.74, 2610, 8751, P2,
2026/08/25 00:51:07.843, 9, 12652, 16380, 50, 34.88, 2610, 8751, P2,
2026/08/25 00:51:08.916, 5, 12652, 16380, 50, 30.01, 945, 5001, P3,
2026/08/25 00:51:09.991, 7, 12652, 16380, 50, 33.99, 2610, 8751, P2,
2026/08/25 00:51:11.082, 6, 12652, 16380, 50, 30.32, 2610, 8751, P2,
2026/08/25 00:51:12.167, 5, 12652, 16380, 50, 34.12, 2610, 8751, P2,
2026/08/25 00:51:13.227, 11, 12652, 16380, 50, 30.10, 2610, 8751, P2,
2026/08/25 00:51:14.269, 5, 12652, 16380, 50, 34.24, 2610, 8751, P2,
2026/08/25 00:51:15.314, 10, 12652, 16380, 50, 29.96, 2610, 8751, P2,
2026/08/25 00:51:16.404, 10, 12652, 16380, 50, 32.92, 2205, 8751, P2,
2026/08/25 00:51:17.517, 9, 12652, 16380, 50, 25.03, 2205, 8751, P2,
2026/08/25 00:51:18.624, 6, 12652, 16380, 50, 30.93, 2190, 8751, P2,
2026/08/25 00:51:19.712, 11, 12652, 16380, 49, 24.50, 2190, 8751, P2,
2026/08/25 00:51:20.825, 5, 12652, 16380, 50, 35.76, 2490, 8751, P2,
2026/08/25 00:51:21.932, 11, 12652, 16380, 50, 28.06, 2490, 8751, P2,
2026/08/25 00:51:23.010, 5, 12652, 16380, 50, 38.99, 2745, 8751, P2,
2026/08/25 00:51:24.069, 7, 12652, 16380, 51, 34.76, 2745, 8751, P2,
2026/08/25 00:51:25.145, 6, 12652, 16380, 50, 34.08, 2250, 8751, P2,
2026/08/25 00:51:26.210, 7, 12652, 16380, 50, 25.30, 2250, 8751, P2,
2026/08/25 00:51:27.303, 5, 12652, 16380, 51, 37.31, 2610, 8751, P2,
2026/08/25 00:51:28.367, 14, 12652, 16380, 49, 29.58, 1005, 5001, P3,
2026/08/25 00:51:29.442, 5, 12652, 16380, 50, 35.26, 2610, 8751, P2,
2026/08/25 00:51:30.521, 8, 12652, 16380, 50, 30.31, 2610, 8751, P2,
2026/08/25 00:51:31.599, 5, 12652, 16380, 51, 34.83, 2610, 8751, P2,
2026/08/25 00:51:32.707, 5, 12652, 16380, 50, 30.20, 2610, 8751, P2,
2026/08/25 00:51:33.810, 7, 12652, 16380, 50, 35.77, 2610, 8751, P2,
2026/08/25 00:51:34.904, 5, 12652, 16380, 50, 30.38, 930, 5001, P3,
2026/08/25 00:51:35.965, 9, 12652, 16380, 50, 34.70, 2610, 8751, P2,
2026/08/25 00:51:37.055, 7, 12652, 16380, 50, 30.74, 2610, 8751, P2,
2026/08/25 00:51:38.138, 5, 12652, 16380, 50, 35.02, 2625, 8751, P2,
2026/08/25 00:51:39.246, 11, 12652, 16380, 50, 31.06, 2625, 8751, P2,
2026/08/25 00:51:40.342, 5, 12652, 16380, 50, 36.82, 2715, 8751, P2,
2026/08/25 00:51:41.434, 5, 12652, 16380, 51, 33.33, 2715, 8751, P2,
2026/08/25 00:51:42.493, 8, 12652, 16380, 50, 36.10, 2655, 8751, P2,
2026/08/25 00:51:43.590, 5, 12652, 16380, 53, 31.78, 2655, 8751, P2,
2026/08/25 00:51:44.684, 6, 12652, 16380, 50, 34.65, 2370, 8751, P2,
2026/08/25 00:51:45.773, 5, 12652, 16380, 51, 26.35, 840, 5001, P3,
2026/08/25 00:51:46.863, 5, 12652, 16380, 50, 38.27, 2625, 8751, P2,
2026/08/25 00:51:47.956, 5, 12652, 16380, 50, 30.80, 2625, 8751, P2,
2026/08/25 00:51:49.051, 8, 12652, 16380, 51, 39.95, 2745, 8751, P2,
2026/08/25 00:51:50.107, 13, 12652, 16380, 51, 35.35, 2745, 8751, P2,
2026/08/25 00:51:51.211, 5, 12652, 16380, 50, 36.16, 2610, 8751, P2,
2026/08/25 00:51:52.316, 9, 12652, 16380, 49, 29.14, 915, 5001, P3,
2026/08/25 00:51:53.405, 5, 12652, 16380, 50, 36.54, 2610, 8751, P2,
2026/08/25 00:51:54.493, 13, 12652, 16380, 50, 30.66, 2610, 8751, P2,
2026/08/25 00:51:55.605, 8, 12652, 16380, 51, 36.02, 2610, 8751, P2,
2026/08/25 00:51:56.693, 11, 12652, 16380, 50, 30.51, 2610, 8751, P2,
2026/08/25 00:51:57.779, 12, 12652, 16380, 50, 36.24, 2610, 8751, P2,
2026/08/25 00:51:58.881, 8, 12652, 16380, 50, 30.00, 960, 5001, P3,
2026/08/25 00:51:59.974, 5, 12652, 16380, 50, 35.90, 2610, 8751, P2,
2026/08/25 00:52:01.082, 8, 12652, 16380, 52, 30.55, 2610, 8751, P2,
2026/08/25 00:52:02.195, 5, 12652, 16380, 50, 36.39, 2610, 8751, P2,
2026/08/25 00:52:03.301, 24, 12652, 16380, 49, 29.70, 1020, 5001, P3,
2026/08/25 00:52:04.404, 5, 12652, 16380, 50, 37.03, 2610, 8751, P2,
2026/08/25 00:52:05.463, 9, 12652, 16380, 50, 30.88, 2610, 8751, P2,
2026/08/25 00:52:06.506, 9, 12652, 16380, 51, 36.18, 2610, 8751, P2,
2026/08/25 00:52:07.614, 11, 12652, 16380, 50, 30.73, 2610, 8751, P2,
2026/08/25 00:52:08.714, 5, 12652, 16380, 51, 36.17, 2610, 8751, P2,
2026/08/25 00:52:09.820, 8, 12652, 16380, 50, 30.16, 1035, 5001, P3,
2026/08/25 00:52:10.926, 5, 12652, 16380, 50, 35.90, 2610, 8751, P2,
2026/08/25 00:52:12.018, 12, 12652, 16380, 50, 31.07, 2610, 8751, P2,
2026/08/25 00:52:13.129, 5, 12652, 16380, 50, 36.79, 2610, 8751, P2,
2026/08/25 00:52:14.234, 5, 12652, 16380, 50, 30.86, 2610, 8751, P2,
2026/08/25 00:52:15.327, 5, 12652, 16380, 50, 37.04, 2610, 8751, P2,
2026/08/25 00:52:16.436, 11, 12652, 16380, 50, 31.07, 2610, 8751, P3,
2026/08/25 00:52:17.513, 9, 12652, 16380, 54, 36.58, 2610, 8751, P2,
2026/08/25 00:52:18.568, 5, 12652, 16380, 50, 30.99, 2610, 8751, P2,
2026/08/25 00:52:19.614, 5, 12652, 16380, 50, 37.17, 2610, 8751, P2,
2026/08/25 00:52:20.658, 5, 12652, 16380, 50, 31.07, 2610, 8751, P2,
2026/08/25 00:52:21.700, 9, 12652, 16380, 51, 37.35, 2610, 8751, P2,
2026/08/25 00:52:22.776, 9, 12652, 16380, 50, 31.03, 2610, 8751, P2,
2026/08/25 00:52:23.867, 5, 12652, 16380, 50, 37.15, 2610, 8751, P2,
2026/08/25 00:52:24.930, 5, 12652, 16380, 50, 31.11, 2610, 8751, P2,
2026/08/25 00:52:26.020, 5, 12652, 16380, 50, 37.14, 2610, 8751, P2,
2026/08/25 00:52:27.112, 9, 12652, 16380, 50, 31.08, 2610, 8751, P2,
2026/08/25 00:52:28.209, 37, 12652, 16380, 56, 36.93, 2610, 8751, P2,
2026/08/25 00:52:29.318, 5, 12652, 16380, 50, 31.12, 2610, 8751, P2,
2026/08/25 00:52:30.429, 5, 12652, 16380, 50, 37.13, 2610, 8751, P2,
2026/08/25 00:52:31.493, 5, 12652, 16380, 50, 31.12, 2610, 8751, P2,
2026/08/25 00:52:32.579, 10, 12652, 16380, 53, 37.12, 2610, 8751, P2,
2026/08/25 00:52:33.691, 5, 12652, 16380, 50, 31.17, 2610, 8751, P2,
2026/08/25 00:52:34.786, 5, 12652, 16380, 51, 37.20, 2610, 8751, P2,
2026/08/25 00:52:35.872, 5, 12652, 16380, 50, 31.29, 2610, 8751, P2,
2026/08/25 00:52:36.984, 5, 12652, 16380, 50, 37.38, 2610, 8751, P2,
2026/08/25 00:52:38.089, 10, 12652, 16380, 50, 31.33, 2610, 8751, P2,
2026/08/25 00:52:39.175, 50, 12652, 16380, 51, 30.94, 1290, 5001, P3,
2026/08/25 00:52:40.246, 38, 12652, 16380, 51, 38.80, 2070, 8751, P2,
2026/08/25 00:52:41.329, 35, 12652, 16380, 51, 41.67, 2100, 8751, P2,
2026/08/25 00:52:42.429, 38, 12652, 16380, 51, 41.72, 2100, 8751, P2,
2026/08/25 00:52:43.535, 40, 12652, 16380, 51, 41.89, 2100, 8751, P2,
2026/08/25 00:52:44.636, 40, 12652, 16380, 51, 42.02, 2145, 8751, P2,
2026/08/25 00:52:45.732, 40, 12652, 16380, 51, 42.15, 2145, 8751, P2,
2026/08/25 00:52:46.816, 36, 12652, 16380, 51, 42.59, 2175, 8751, P2,
2026/08/25 00:52:47.897, 41, 12162, 16380, 51, 42.92, 2190, 8751, P2,
